Goblin,Pronunciation,Part of speech,English
a,/a/,n.,ear
ad,/ad/,v.,lie
adedarrer,/ˌadeˈdarrer/,adj.,critical
adik,/ˈadik/,adj.,flirtatious
adikh,/ˈadikh/,adv.,probably
adrade,/aˈdrade/,n.,diet
adrukh,/ˈadrukh/,n.,pool
adwur,/ˈadwur/,n.,mist
aekou,/aˈekou̯/,adj.,technological
aet,/ˈaet/,v.,count
ag,/ag/,v.,receive; collect; earn; gain; get; acquire; gather; deposit
agad,/ˈagad/,adv.,clearly
agaga,/aˈgaga/,adv.,quickly
agar,/ˈagar/,adv.,tomorrow
agei,/aˈgei/,adj.,political
agerder,/aˈgerder/,adj.,economic
agetre,/aˈgetre/,adv.,usually
agip,/ˈagip/,n.,sap
agk,/agk/,v.,stop; stall; halt
agouku,/aˈgou̯ku/,adj.,careful
agra,/ˈagra/,n.,police
agragk,/ˈagragk/,adj.,strong
agrep,/ˈagrep/,adj.,academic
agu,/ˈagu/,n.,cell (room in a prison); compartment
agukg,/ˈagukg/,v.,burst
agukg,/ˈagukg/,adj.,national
ahewe,/aˈhewe/,adj.,logical
ahuket,/aˈhuket/,adv.,suddenly
ahup,/ˈahup/,adj.,legal
ahwap,/ˈahwap/,n.,species
ahwaw,/ˈahwaw/,v.,demand
aigk,/ˈaigk/,adv.,recently
ak,/ak/,v.,get; obtain; take; hold; grab; carry; earn; book; remove; take out; deprive; take away; clutch; grasp; abolish; erase; absorb
ak,/ak/,n.,sponge
akakekg,/aˈkakekg/,adj.,offensive
akehatu,/ˌakeˈhatu/,adj.,religious
akg,/akg/,v.,work
akgawu,/akˈgawu/,n.,language
akge,/ˈakge/,n.,tide
akgu,/ˈakgu/,adj.,high
akh,/akh/,pron.,everyone
akheg,/ˈakheg/,n.,journey; trip; voyage
akikaku,/ˌakiˈkaku/,adv.,certainly
akikka,/aˈkikka/,adj.,medical
aku,/ˈaku/,n.,stitch
akuktu,/aˈkuktu/,adj.,oral
ap,/ap/,v.,ask (invite)
apougup,/aˈpou̯gup/,adj.,shiny
apta,/ˈapta/,n.,nut
apta rigkat,/ˈapta ˈrigkat/,n.,coconut
apugk,/ˈapugk/,adj.,cultural
apurrahwi,/ˌapuˈrrahwi/,adv.,especially
ar,/ar/,v.,talk; speak
arakh,/ˈarakh/,adj.,personal
ardap,/ˈardap/,n.,climate
ardi,/ˈardi/,v.,massage
arekh,/ˈarekh/,v.,improve; enhance
argagk,/ˈargagk/,v.,last; survive
arged,/ˈarged/,adj.,smart; intelligent; clever
arou,/ˈarou̯/,adj.,internal
arra,/ˈarra/,n.,woman
aru,/ˈaru/,n.,event (occurrence); incident
at,/at/,adv.,so; very; really; therefore; thus
ata,/ˈata/,v.,indicate
ate,/ˈate/,n.,speed
ategir,/aˈtegir/,adv.,simply
aterap,/aˈterap/,adv.,exactly
atgak,/ˈatgak/,v.,understand; comprehend; grasp
atig,/ˈatig/,n.,spoon
atup,/ˈatup/,adj.,natural
auk,/ˈauk/,adv.,previously
aw,/aw/,n.,section; compartment
awa,/ˈawa/,adj.,normal; medium
awagaru,/ˌawaˈgaru/,adv.,finally
awegku,/aˈwegku/,v.,row
awge,/ˈawge/,v.,copy; imitate; replicate
awi,/ˈawi/,adj.,furious
awouw,/ˈawou̯w/,v.,put (cause to be)
awu,/ˈawu/,v.,breathe
awurdirou,/ˌawurˈdirou̯/,adj.,sticky
da,/da/,adv.,most
dad,/dad/,n.,soil
dad,/dad/,n.,liar
dadar,/ˈdadar/,n.,decade
dadeg,/ˈdadeg/,v.,turn on
dadi,/ˈdadi/,n.,ball; bullet
dadi kit,/ˈdadi kit/,n.,eyeball
dadruk,/ˈdadruk/,v.,tow
dadu,/ˈdadu/,v.,register; book
daewik,/daˈewik/,n.,structure; system
dag,/dag/,adv.,well
dage,/ˈdage/,n.,sock
dagk,/dagk/,n.,position (location)
dagkak,/ˈdagkak/,n.,jewel; gem
dagra,/ˈdagra/,n.,gap; void
dahi,/ˈdahi/,n.,potion; elixir
dahwu,/ˈdahwu/,v.,accuse
dak,/dak/,pron.,who
dake,/ˈdake/,n.,city; metropolis
dakg,/dakg/,prep.,during
dakgour,/ˈdakgou̯r/,n.,pillow; cushion; breast (slang)
dakh,/dakh/,n.,system
dakhek,/ˈdakhek/,v.,rise
daku,/ˈdaku/,n.,trousers; pants
dap,/dap/,v.,stand; stay; remain; persist
dapep,/ˈdapep/,adj.,quiet; silent; shy
dapta,/ˈdapta/,adj.,plain
dar,/dar/,v.,add
darettap,/daˈrettap/,n.,ornament
darigk,/ˈdarigk/,v.,smile
dat,/dat/,adj.,sick; ill; unwell
datar,/ˈdatar/,num.,third
datek,/ˈdatek/,n.,referendum
datew,/ˈdatew/,v.,deal
datga,/ˈdatga/,n.,stick
dattik,/ˈdattik/,v.,sew
dau,/ˈdau/,n.,valley; canyon
daw,/daw/,n.,hour
dawa,/ˈdawa/,adj.,light (weight)
dawe,/ˈdawe/,n.,night; evening
dawe rir,/ˈdawe rir/,n.,midnight
dawi,/ˈdawi/,n.,nephew
dawu,/ˈdawu/,n.,loop; curl
dawu a,/ˈdawu a/,n.,earring
de,/de/,adv.,just; barely; only; hardly
dea,/ˈdea/,v.,giggle
ded,/ded/,n.,bar (pub)
dedarrer,/deˈdarrer/,v.,criticize
dedaw,/ˈdedaw/,n.,wind
dedi,/ˈdedi/,n.,trouble; problem
dedou,/ˈdedou̯/,n.,meat; flesh
dedou tukteg,/ˈdedou̯ ˈtukteg/,n.,pork
dedwir,/ˈdedwir/,n.,cabinet; drawer
deg,/deg/,n.,level (degree; stage)
dega,/ˈdega/,v.,control
dega,/ˈdega/,n.,driver
degak,/ˈdegak/,v.,report; notify; inform
degak,/ˈdegak/,n.,report
degakha,/deˈgakha/,n.,armor
degekpe,/deˈgekpe/,n.,gun; rifle; pistol
degk,/degk/,adv.,however
degtawga,/degˈtawga/,n.,thigh
dek,/dek/,v.,keep (store); store
deka,/ˈdeka/,n.,line
dekg,/dekg/,det.,no
dekgad,/ˈdekgad/,n.,road; street; avenue; trail
dekh,/dekh/,adv.,else; otherwise
dekhe,/ˈdekhe/,v.,cry; sob; weep; mourn
dekpeka,/dekˈpeka/,v.,wonder
dep,/dep/,adj.,white; clear; transparent
deptak,/ˈdeptak/,v.,matter
der,/der/,v.,enter
derar,/ˈderar/,v.,press; squeeze; clutch
deregk,/ˈderegk/,n.,greed
dereki,/deˈreki/,n.,program
derra,/ˈderra/,n.,credit (recognition)
det,/det/,prep.,like
detku,/ˈdetku/,n.,metal
dew,/dew/,v.,leave (let remain); let
dewa,/ˈdewa/,n.,factory
dewe,/ˈdewe/,v.,prepare; rehearse
di,/di/,v.,help; assist; improve; refine
di,/di/,n.,help
diawikh,/diˈawikh/,prep.,beside
did,/did/,n.,skin; bark (of tree); leather
didap,/ˈdidap/,v.,rule; reign
didatew,/diˈdatew/,n.,dealer
dididap,/diˈdidap/,n.,ruler
dig,/dig/,n.,vegetable
digake,/diˈgake/,v.,require; lack
digakhe,/diˈgakhe/,n.,dancer
digapar,/diˈgapar/,n.,poet
digargakpe,/ˌdigarˈgakpe/,n.,tourist
digatke,/diˈgatke/,n.,florist
digei,/diˈgei/,n.,politician
digeki,/diˈgeki/,n.,artist
digergi,/diˈgergi/,n.,monster
digetki,/diˈgetki/,n.,warrior
digidak,/diˈgidak/,n.,runner
digitip,/diˈgitip/,n.,singer
digk,/digk/,n.,trial
digked,/ˈdigked/,adv.,again
diguk,/ˈdiguk/,n.,sailor
digura,/diˈgura/,n.,worker; employee
diguti,/diˈguti/,n.,player
diguttik,/diˈguttik/,n.,painter
dihakhad,/diˈhakhad/,n.,criminal
dihawi,/diˈhawi/,n.,lover
dihekh,/ˈdihekh/,n.,visitor
dihip,/ˈdihip/,n.,farmer
dihup,/ˈdihup/,n.,lawyer
dik,/dik/,v.,flirt
dikada,/diˈkada/,n.,manager
dikakewe,/ˌdikaˈkewe/,n.,drain
dikakg,/ˈdikakg/,n.,hunter
dikaptew,/diˈkaptew/,n.,employer
dikerri,/diˈkerri/,n.,author; writer
dikga,/ˈdikga/,n.,branch (tree part)
dikh,/dikh/,adj.,probable
diki,/ˈdiki/,v.,emphasize
diku,/ˈdiku/,n.,owner
dikugk,/ˈdikugk/,v.,drift
dikur,/ˈdikur/,v.,search; look up; scan
dikutu,/diˈkutu/,n.,killer
dip,/dip/,n.,louse
dipur,/ˈdipur/,n.,teacher
diragka,/diˈragka/,n.,match (for fire)
dirakka,/diˈrakka/,n.,trader
dirardip,/diˈrardip/,n.,stamp
direwak,/diˈrewak/,n.,foreigner
dirgi,/ˈdirgi/,v.,arrest
dirik,/ˈdirik/,n.,scientist
dirik wuk,/ˈdirik wuk/,n.,psychologist
dit,/dit/,n.,authority
ditu,/ˈditu/,prep.,out; outside
diturek,/diˈturek/,n.,prisoner
diw,/diw/,n.,cream
diwagra,/diˈwagra/,n.,locksmith
diwatgi,/diˈwatgi/,n.,vendor
diwip,/ˈdiwip/,n.,chef; cook
dou,/dou̯/,det.,all; both
doug,/dou̯g/,v.,swallow
douk,/dou̯k/,n.,eyelash
doukap,/ˈdou̯kap/,adj.,vague
doup,/dou̯p/,n.,boyfriend
doupi,/ˈdou̯pi/,n.,cord
dour,/dou̯r/,n.,manner
doutket,/ˈdou̯tket/,n.,detail
du,/du/,prep.,after
dud,/dud/,n.,grease
dudi,/ˈdudi/,adj.,awful; terrible
dug,/dug/,v.,happen; occur
dugre,/ˈdugre/,n.,vocabulary
duhed,/ˈduhed/,n.,forehead; brow
duk,/duk/,num.,hundred
duka,/ˈduka/,n.,horizon; panorama
duket,/ˈduket/,v.,escape; flee; dodge
dukge,/ˈdukge/,n.,prostitute
dukh,/dukh/,v.,screw; fuck (slang)
dukha,/ˈdukha/,n.,prey
dup,/dup/,prep.,between; among
dur,/dur/,det.,much
dura,/ˈdura/,adj.,naked; nude
dut,/dut/,n.,chicken
dutek,/ˈdutek/,n.,collar
dutge,/ˈdutge/,n.,gardener
e,/e/,prep.,with (accompanied by)
ed,/ed/,adj.,fat; big
eda,/ˈeda/,adj.,straight
edakhi,/eˈdakhi/,adj.,gray
eg,/eg/,v.,keep (not return)
ega,/ˈega/,v.,drive; chase; ride
egi,/ˈegi/,n.,size; capacity
egk,/egk/,v.,call (request the attendance of)
egra,/ˈegra/,adj.,flat
egu,/ˈegu/,adj.,last (final); last (only remaining)
ehew,/ˈehew/,adj.,serious
ek,/ek/,adj.,right; correct; appropriate
eka,/ˈeka/,n.,sister
eke,/ˈeke/,n.,food; cuisine
ekg,/ekg/,n.,god
ekh,/ekh/,n.,step (footstep)
ekikpig,/eˈkikpig/,n.,top; mountain; lid
ekikpig kit,/eˈkikpig kit/,n.,eyelid
ekou,/ˈekou̯/,n.,technology
ekpep,/ˈekpep/,n.,file
ektegk,/ˈektegk/,n.,skill
ep,/ep/,v.,fill
epak,/ˈepak/,adj.,delicious
epe,/ˈepe/,n.,feather; pen; pencil
eper,/ˈeper/,n.,weapon
eprukh,/ˈeprukh/,n.,camera
er,/er/,v.,use; utilize
er,/er/,n.,use
era,/ˈera/,n.,stump; log
eri,/ˈeri/,n.,clay
et,/et/,adj.,left
eta,/ˈeta/,n.,glass; lens
eta kit,/ˈeta kit/,n.,glasses
etkegk,/ˈetkegk/,n.,alphabet
etret,/ˈetret/,n.,back (of body); back (reverse side)
ettu,/ˈettu/,pron.,everything
etu,/ˈetu/,v.,join; connect
etu,/ˈetu/,n.,joint
etur,/ˈetur/,n.,table; bench; desk
ewa,/ˈewa/,n.,harmony; melody
ewakha,/eˈwakha/,n.,adult
ewta,/ˈewta/,n.,bark (of tree)
ewukh,/ˈewukh/,adj.,past
ga,/ga/,prep.,by (using the means of); by (using a route)
gad,/gad/,v.,clear
gada,/ˈgada/,adj.,long
gadega,/gaˈdega/,n.,control
gader,/ˈgader/,n.,entrance
gadew,/ˈgadew/,v.,wiggle
gadrag,/ˈgadrag/,n.,insect
gae,/ˈgae/,v.,flow
gaeg,/ˈgaeg/,v.,wake; wake up; get up
gag,/gag/,conj.,and
gaga,/ˈgaga/,adj.,quick
gagaka,/gaˈgaka/,n.,analysis
gagakpu,/gaˈgakpu/,n.,division
gage,/ˈgage/,n.,apple
gagekew,/gaˈgekew/,n.,carpet
gagewe,/gaˈgewe/,n.,experience
gagiou,/gaˈgiou̯/,n.,belief
gagk,/gagk/,n.,question
gagkegk,/ˈgagkegk/,n.,emotion; affection
gagkek,/ˈgagkek/,v.,lift; raise; boost; erect; escalate
gagku,/ˈgagku/,n.,uncle
gagkur,/ˈgagkur/,v.,lay; fuck (slang)
gagra,/ˈgagra/,n.,elbow
gagrad,/ˈgagrad/,conj.,unless
gagrake,/gaˈgrake/,n.,behavior
gagrake,/gaˈgrake/,n.,action (movement)
gagrakup,/gaˈgrakup/,n.,pleasure
gagrar,/ˈgagrar/,n.,wool; fur
gagrat,/ˈgagrat/,n.,loss
gagre,/ˈgagre/,adj.,complicated; complex; intricate
gagri,/ˈgagri/,n.,birth
gagrid,/ˈgagrid/,n.,decision
gagrup,/ˈgagrup/,n.,scale (instrument for weighing)
gagte,/ˈgagte/,v.,acquire
gaguda,/gaˈguda/,n.,settlement (village)
gagukgi,/gaˈgukgi/,n.,reflection
gagura,/gaˈgura/,n.,work
gahad,/ˈgahad/,n.,earthquake
gahagru,/gaˈhagru/,n.,offer
gahat,/ˈgahat/,n.,fight
gahedwa,/gaˈhedwa/,n.,cause
gahwat,/ˈgahwat/,n.,pepper
gaip,/ˈgaip/,n.,need
gak,/gak/,prep.,against
gaka,/ˈgaka/,v.,analyze; examine
gakad,/ˈgakad/,n.,office
gakagk,/ˈgakagk/,n.,movement; motion
gakaka,/gaˈkaka/,n.,treatment
gakakuk,/gaˈkakuk/,n.,permission
gakap,/ˈgakap/,n.,jaw
gakawad,/gaˈkawad/,n.,hearing
gakawir,/gaˈkawir/,n.,agreement
gake,/ˈgake/,interj.,no
gakep,/ˈgakep/,adj.,funny
gakeprak,/gaˈkeprak/,n.,repetition
gaketek,/gaˈketek/,n.,proof
gakg,/gakg/,adj.,tired (needing sleep); tired (needing rest)
gakgep,/ˈgakgep/,n.,arm; hand; palm (of hand)
gakh,/gakh/,conj.,even
gakhe,/ˈgakhe/,v.,dance
gakhep,/ˈgakhep/,adv.,now
gakidaw,/gaˈkidaw/,n.,value
gakipre,/gaˈkipre/,n.,defense
gakipre,/gaˈkipre/,n.,protection
gakita,/gaˈkita/,n.,suggestion
gakiti,/gaˈkiti/,n.,kiss
gakiweti,/ˌgakiˈweti/,n.,election
gakka,/ˈgakka/,n.,west
gakke,/ˈgakke/,n.,expert
gakour,/ˈgakou̯r/,n.,death
gakpe,/ˈgakpe/,adj.,ready; ripe
gakpu,/ˈgakpu/,v.,divide; segregate
gakta,/ˈgakta/,v.,relate; correlate
gakte,/ˈgakte/,n.,volume
gakti,/ˈgakti/,n.,bee
gakukg,/ˈgakukg/,n.,discovery
gakukg,/ˈgakukg/,n.,perception
gakupe,/gaˈkupe/,n.,choice
gaou,/ˈgaou̯/,n.,object
gap,/gap/,v.,pay
gapa,/ˈgapa/,num.,second
gapadwa,/gaˈpadwa/,n.,study
gapar,/ˈgapar/,n.,verse; poem
gape,/ˈgape/,n.,wrist; ankle
gapep,/ˈgapep/,v.,mean (intend)
gapou,/ˈgapou̯/,n.,appearance (act of appearing)
gapri,/ˈgapri/,n.,bitch
gapta,/ˈgapta/,n.,assassin
gapte,/ˈgapte/,n.,swamp
gaptu,/ˈgaptu/,n.,bridge
gapukg,/ˈgapukg/,n.,arrival
gar,/gar/,n.,state (condition); condition (state)
gara,/ˈgara/,num.,six
garat,/ˈgarat/,v.,ban; prohibit
gardat,/ˈgardat/,n.,kitchen; cuisine
gardi,/ˈgardi/,n.,worm
garega,/gaˈrega/,n.,exam
garekg,/ˈgarekg/,n.,thought
garerekh,/gaˈrerekh/,n.,victory
gargakpe,/garˈgakpe/,v.,travel
gargikg,/ˈgargikg/,n.,circle; wheel; ring; disk
gari,/ˈgari/,n.,window
garu,/ˈgaru/,v.,finish; complete; expire
garu,/ˈgaru/,n.,end
gat,/gat/,adv.,always; all the time
gata,/ˈgata/,adj.,stiff; stubborn
gatadat,/gaˈtadat/,n.,excitement
gatagura,/ˌgataˈgura/,n.,failure
gataka,/gaˈtaka/,adj.,thick; fat
gatar,/ˈgatar/,n.,flight
gatekh,/ˈgatekh/,n.,memory
gatekh,/ˈgatekh/,n.,recognition
gatgap,/ˈgatgap/,v.,drown; muffle
gatgeka,/gatˈgeka/,n.,shield
gatke,/ˈgatke/,n.,flower
gatrad,/ˈgatrad/,n.,bathroom
gatre,/ˈgatre/,n.,purpose; reason
gatti,/ˈgatti/,v.,stab; pierce
gatu,/ˈgatu/,n.,spirit
gatug,/ˈgatug/,adj.,dry
gaturge,/gaˈturge/,n.,description
gaturge,/gaˈturge/,n.,explanation
gaugrou,/gaˈugrou̯/,n.,destruction
gaukak,/gaˈukak/,n.,existence
gaw,/gaw/,n.,lot
gawad,/ˈgawad/,adj.,cute
gawakh,/ˈgawakh/,n.,mathematics
gawap,/ˈgawap/,v.,burn; cook (heat food); light
gawapet,/gaˈwapet/,n.,coin
gawe,/ˈgawe/,n.,challenge
gawed,/ˈgawed/,n.,rumor; scandal
gawekh,/ˈgawekh/,v.,rest; relax
gawer,/ˈgawer/,v.,try (test out); inspect
gawewer,/gaˈwewer/,n.,discussion
gawtak,/ˈgawtak/,v.,fit
gawti,/ˈgawti/,n.,bulb (plant root)
gawud,/ˈgawud/,conj.,when
gawug,/ˈgawug/,v.,tie; attach
ge,/ge/,v.,be (temporary state); be (located)
gea,/ˈgea/,adj.,yellow; orange; brown
ged,/ged/,adj.,safe
geda,/ˈgeda/,prep.,through
gedek,/ˈgedek/,n.,fort; citadel
gedrouka,/geˈdrou̯ka/,n.,mass
geg,/geg/,n.,morning
gega,/ˈgega/,n.,sugar
gegk,/gegk/,n.,research
gegta,/ˈgegta/,n.,flame
gegtar,/ˈgegtar/,n.,cat
gegu,/ˈgegu/,n.,buttocks
gegukik,/geˈgukik/,n.,cake
gehwedre,/geˈhwedre/,v.,spend
gei,/ˈgei/,n.,politics
gek,/gek/,n.,part
geka,/ˈgeka/,n.,parcel; package; bundle
gekagk,/ˈgekagk/,n.,character
gekagk houke,/ˈgekagk ˈhou̯ke/,n.,villain
geke,/ˈgeke/,n.,nose; nostril
geke piheda,/ˈgeke piˈheda/,n.,beak
gekg,/gekg/,n.,race (ethnicity); ethnicity
gekgekti,/gekˈgekti/,n.,niece
gekgu,/ˈgekgu/,n.,guest
gekher,/ˈgekher/,n.,brain; wit
geki,/ˈgeki/,n.,art; craft
gekik,/ˈgekik/,n.,truth
gekta,/ˈgekta/,adv.,barely; merely
gektek,/ˈgektek/,n.,reservation
gektik,/ˈgektik/,n.,ray (of light); radius
geku,/ˈgeku/,n.,look; appearance (looks)
gep,/gep/,pron.,someone; somebody
gepe,/ˈgepe/,n.,tradition; ritual
geptud,/ˈgeptud/,n.,blood
gera,/ˈgera/,adj.,important; main
gerat,/ˈgerat/,n.,scale (skin of reptiles)
gerder,/ˈgerder/,n.,economy
geriw,/ˈgeriw/,n.,doll
gerra,/ˈgerra/,v.,torture
geru,/ˈgeru/,n.,brother
get,/get/,v.,should
getgagk,/ˈgetgagk/,n.,matter (substance; material); content
getki,/ˈgetki/,n.,war
getre,/ˈgetre/,adj.,usual
getri,/ˈgetri/,v.,judge
getu,/ˈgetu/,interj.,well
gew,/gew/,n.,student
gewa,/ˈgewa/,n.,evidence; contract
gewe,/ˈgewe/,v.,experience
gewet,/ˈgewet/,n.,cart; wagon
gewi,/ˈgewi/,n.,bed
gewtougk,/ˈgewtou̯gk/,n.,stand
gewu,/ˈgewu/,v.,promise; assure
gi,/gi/,conj.,but
gid,/gid/,n.,effort
gidak,/ˈgidak/,v.,run; work (function)
gidapa,/giˈdapa/,n.,task; chore
gidud,/ˈgidud/,v.,slip
gidwa,/ˈgidwa/,n.,market
gig,/gig/,v.,call (refer to by name); dub
gigk,/gigk/,n.,interest (curiosity; concern)
gik,/gik/,n.,head
gik,/gik/,n.,leader
gike,/ˈgike/,n.,neck
gikh,/gikh/,n.,reversal
giou,/ˈgiou̯/,v.,believe; trust
gip,/gip/,n.,race (competition)
gipre,/ˈgipre/,n.,glue; paste; cement
giprer,/ˈgiprer/,n.,wall
giptep,/ˈgiptep/,n.,cloth; linen; fabric; textile; napkin
gir,/gir/,det.,such
girak,/ˈgirak/,n.,society
girde,/ˈgirde/,n.,screw
girdu,/ˈgirdu/,adj.,slow
girged,/ˈgirged/,v.,crush; grind; crumble
girid,/ˈgirid/,adj.,buxom
git,/git/,conj.,whether
gitar,/ˈgitar/,n.,accent (of language)
gitip,/ˈgitip/,n.,song
gitkeg,/ˈgitkeg/,n.,block; cube
gitou,/ˈgitou̯/,n.,letter (of an alphabet)
gituke,/giˈtuke/,n.,belt; strap
giu,/ˈgiu/,n.,engine; motor
giwik,/ˈgiwik/,adj.,live
giwit,/ˈgiwit/,n.,throat
giwou,/ˈgiwou̯/,n.,threat
giwtetew,/giwˈtetew/,n.,tower
giwu,/ˈgiwu/,n.,siege
gou,/gou̯/,prep.,at
goudig,/ˈgou̯dig/,n.,grocer
goueper,/gou̯ˈeper/,n.,armory
goug,/gou̯g/,adv.,where
gougae,/gou̯ˈgae/,n.,sewer
gougk,/gou̯gk/,adj.,full
gougraw,/ˈgou̯graw/,n.,winery
gougu,/ˈgou̯gu/,adv.,somewhat; fairly; pretty
gouk,/gou̯k/,v.,wait; expect; rely on; predict; hope; anticipate; assume; presume
gouk,/gou̯k/,n.,hope
goukerra,/gou̯ˈkerra/,n.,stable
gouketu,/gou̯ˈketu/,n.,graveyard
goukh,/gou̯kh/,prep.,to; towards
goukiwigk,/gou̯ˈkiwigk/,n.,drugstore
gouktakh,/ˈgou̯ktakh/,v.,graduate
gouku,/ˈgou̯ku/,v.,care
gouku,/ˈgou̯ku/,n.,care
goukuk,/ˈgou̯kuk/,v.,pass; occur
goup,/gou̯p/,v.,deliver
goupuk,/ˈgou̯puk/,det.,whose
gour,/gou̯r/,v.,balance; poise
gourak,/ˈgou̯rak/,adj.,crazy; insane
goutkouk,/ˈgou̯tkou̯k/,v.,dig
gouw,/gou̯w/,n.,unit
gouwa,/ˈgou̯wa/,n.,throne
gouwga,/ˈgou̯wga/,n.,jar; vase
gra,/gra/,prep.,in; within; into
gra,/gra/,pron.,I; me; mine
gra,/gra/,det.,your (pl)
grad,/grad/,n.,rate; grade
grade,/ˈgrade/,v.,bend; fold
grader,/ˈgrader/,n.,staff
gradra,/ˈgradra/,v.,drink
gradra,/ˈgradra/,n.,drink
gradut,/ˈgradut/,n.,dish; plate; bowl; tray; disk; cup; pot; basin; mug; platter
grag,/grag/,n.,bank; stock; fund; arsenal
grag weda,/grag ˈweda/,n.,archive
graga,/ˈgraga/,n.,slope; slant
gragap,/ˈgragap/,n.,daughter
grager,/ˈgrager/,v.,investigate; inspect; examine; interrogate; probe
gragi,/ˈgragi/,n.,edge; limit
gragk,/gragk/,n.,force
gragke,/ˈgragke/,n.,recipe
gragku,/ˈgragku/,v.,worry
gragouk,/ˈgragou̯k/,n.,bell
grai,/ˈgrai/,v.,whistle; hiss
grak,/grak/,adv.,never
grakag,/ˈgrakag/,n.,liver
grakatgougk,/graˈkatgou̯gk/,adj.,lucky
grake,/ˈgrake/,v.,act; behave
grakg,/grakg/,n.,kind; type
grakh,/grakh/,prep.,along
grakhe,/ˈgrakhe/,n.,cheese
graku,/ˈgraku/,v.,support; brace; justify; reinforce
graku,/ˈgraku/,n.,support
grakup,/ˈgrakup/,v.,please
grar,/grar/,n.,situation (circumstances; context)
grar,/grar/,pron.,you all; yours (pl)
grarri,/ˈgrarri/,v.,rub; massage
grat,/grat/,v.,lose
graw,/graw/,n.,wine
grawa,/ˈgrawa/,n.,penis
grawakh,/ˈgrawakh/,v.,request; appeal
grawudwe,/graˈwudwe/,v.,blink
gre,/gre/,pron.,something
gre,/gre/,det.,my
gred,/gred/,adv.,here
gredet,/ˈgredet/,v.,vote
greg,/greg/,v.,like
gregegke,/greˈgegke/,adv.,later
gregep,/ˈgregep/,n.,toy
gregud,/ˈgregud/,n.,athlete
grehwi,/ˈgrehwi/,n.,riot
grek,/grek/,v.,ride
greke,/ˈgreke/,n.,egg
grekh,/grekh/,conj.,until
greku,/ˈgreku/,n.,candle
grep,/grep/,n.,school
grepu,/ˈgrepu/,adj.,stable; steady
grer,/grer/,adv.,off
grera,/ˈgrera/,n.,pile; heap; mound
grerar,/ˈgrerar/,n.,acid
grerek,/ˈgrerek/,v.,invite
grergu,/ˈgrergu/,v.,embrace
gret,/gret/,n.,employee
gretga,/ˈgretga/,v.,bake
gretou,/ˈgretou̯/,n.,bone
greu,/ˈgreu/,n.,rock; stone; mountain; gravel; granite
grew,/grew/,v.,realize
grewa,/ˈgrewa/,n.,pressure
grewad,/ˈgrewad/,adj.,sorry
gri,/gri/,det.,your
grid,/grid/,v.,decide; judge; choose
grigip,/ˈgrigip/,n.,carcass
grigk,/grigk/,adj.,fun
grik,/grik/,v.,keep (save; retain); hold
grike,/ˈgrike/,n.,power
grikg,/grikg/,n.,chemical
grikh,/grikh/,adj.,nice
grikut,/ˈgrikut/,adj.,possible; plausible
gripe,/ˈgripe/,n.,enemy
grir,/grir/,n.,fin (of fish)
grit,/grit/,n.,car
gritek,/ˈgritek/,adj.,pink
griw,/griw/,n.,dungeon
grou,/grou̯/,n.,house; home; tribe
grou hegk,/grou̯ hegk/,n.,library
groud,/grou̯d/,n.,judge
grouk,/grou̯k/,n.,bottle
groukg,/grou̯kg/,n.,ticket; voucher
groukiw,/ˈgrou̯kiw/,v.,throw; hurl; fling; shoot; fire (detonate weapon)
group,/grou̯p/,n.,knot
grout,/grou̯t/,v.,check; review
groutgikger,/grou̯tˈgikger/,n.,breeze
groutkep,/ˈgrou̯tkep/,adj.,only
groutkut,/ˈgrou̯tkut/,v.,cure
grouw,/grou̯w/,n.,hair (of body)
gru,/gru/,prep.,of
grud,/grud/,v.,shock; startle; stun
gruda,/ˈgruda/,adj.,smooth; sleek
grudi,/ˈgrudi/,v.,miss (not hit); miss (not take advantage of)
grug,/grug/,adj.,physical; tangible
grugk,/grugk/,n.,member
gruk,/gruk/,v.,pull; yank; tug
grukh,/grukh/,v.,guess; speculate; estimate; predict
grukh,/grukh/,n.,guess
grukug,/ˈgrukug/,n.,sign; signal; alarm
grupekker,/gruˈpekker/,adj.,green; sick; fresh; blue
grupre,/ˈgrupre/,n.,cousin
grur,/grur/,adj.,best
grura,/ˈgrura/,n.,needle
gruru,/ˈgruru/,v.,nod
gu,/gu/,v.,do; make; produce (manufacture); build; construct; compose; earn; perform; induce
gu ritki,/gu ˈritki/,v.,have sex
guar,/ˈguar/,n.,idiot
gud,/gud/,v.,feel (examine by touch)
guda,/ˈguda/,v.,settle
gudagk,/ˈgudagk/,v.,create; invent; found
gudap,/ˈgudap/,det.,more
gudede,/guˈdede/,n.,period (duration of time); season (quarter of the year)
gudede kiwa,/guˈdede ˈkiwa/,n.,winter
gudou,/ˈgudou̯/,adj.,same
gudru,/ˈgudru/,n.,fan (enthusiast)
gug,/gug/,adj.,loud; noisy
guga,/ˈguga/,n.,article (text)
gugar,/ˈgugar/,n.,list; catalog
guge,/ˈguge/,adj.,regular
gugek,/ˈgugek/,n.,shoe
gugk,/gugk/,prep.,on
gugut,/ˈgugut/,n.,thorn
guhek,/ˈguhek/,det.,which
guhek,/ˈguhek/,pron.,which
guhikh,/ˈguhikh/,n.,item
guhwa,/ˈguhwa/,adj.,old; former
guk,/guk/,n.,sun; day; light
gukakg,/ˈgukakg/,n.,army; military
gukg,/gukg/,n.,nation
gukgi,/ˈgukgi/,v.,reflect
gukh,/gukh/,prep.,across
gukhe,/ˈgukhe/,n.,trunk (of tree)
gukkek,/ˈgukkek/,n.,whore
gukput,/ˈgukput/,v.,sit
guou,/ˈguou̯/,n.,guide
guoud,/ˈguou̯d/,n.,trade
guoug,/ˈguou̯g/,n.,husband
gup,/gup/,adj.,early
gupe,/ˈgupe/,n.,forest
gupra,/ˈgupra/,n.,intervention
gupugk,/ˈgupugk/,adv.,least
gupur,/ˈgupur/,n.,hole; crater; cavity; well
gur,/gur/,v.,take; arrest
gura,/ˈgura/,v.,work (be employed); work (toil)
gurer,/ˈgurer/,adj.,guilty
gurrig,/ˈgurrig/,n.,hazard; risk
gut,/gut/,adv.,when
gutgou,/ˈgutgou̯/,v.,pray; appeal; beg
guti,/ˈguti/,v.,play (have fun); compete
gutket,/ˈgutket/,n.,snow
gutket,/ˈgutket/,v.,snow
gutta,/ˈgutta/,v.,marry
gutter,/ˈgutter/,n.,compliment
guttik,/ˈguttik/,n.,paint
ha,/ha/,n.,idea; opinion; concept; theme
had,/had/,n.,box; crate
hadeg,/ˈhadeg/,pron.,everybody
hadi,/ˈhadi/,v.,fire (from job)
hadrag,/ˈhadrag/,pron.,nothing
hadwek,/ˈhadwek/,n.,crack
hadwek,/ˈhadwek/,v.,crack
hadwu,/ˈhadwu/,n.,roof; ceiling
hag,/hag/,n.,boy
hagk,/hagk/,n.,mirror
hagke,/ˈhagke/,n.,chain; link
hagke gike,/ˈhagke ˈgike/,n.,necklace
hagrou,/ˈhagrou̯/,n.,crown
hagru,/ˈhagru/,v.,offer
hagta,/ˈhagta/,n.,cow
hagud,/ˈhagud/,prep.,except; besides
hagugk,/ˈhagugk/,n.,text
hagukg,/ˈhagukg/,n.,menu
hahwikha,/haˈhwikha/,n.,present (time)
hahwu,/ˈhahwu/,adj.,free; wild
hak,/hak/,adv.,far; away
haka,/ˈhaka/,adj.,angry; mad
hakakta,/haˈkakta/,n.,girl
hake,/ˈhake/,n.,vagina
hakekh,/ˈhakekh/,adj.,round
hakh,/hakh/,n.,chalk
hakha,/ˈhakha/,v.,build; construct; erect
hakhad,/ˈhakhad/,n.,crime; felony
haki,/ˈhaki/,n.,coffee
haktekh,/ˈhaktekh/,n.,dog
haktekh kakg,/ˈhaktekh kakg/,n.,wolf
hap,/hap/,n.,steam
hape,/ˈhape/,v.,hang; dangle
hapra,/ˈhapra/,n.,hell
har,/har/,n.,story; fable
harga,/ˈharga/,adv.,maybe; perhaps
hat,/hat/,v.,fight; attack; assault
hata,/ˈhata/,n.,skeleton; hull
hatra,/ˈhatra/,n.,trauma; wound
hau,/ˈhau/,v.,shake; shudder
haw,/haw/,n.,place; location; venue
haw,/haw/,v.,place
hawa,/ˈhawa/,n.,breakfast
hawek,/ˈhawek/,v.,try (strive)
hawi,/ˈhawi/,v.,love; admire
hawigk,/ˈhawigk/,n.,trip; tour
hawtip,/ˈhawtip/,adj.,fake
hawuk,/ˈhawuk/,n.,quality
hed,/hed/,n.,population
hedwa,/ˈhedwa/,v.,cause; induce; generate
hedwou,/ˈhedwou̯/,n.,skull
heg,/heg/,v.,order; impose
hegk,/hegk/,n.,book; novel; magazine
hegk het,/hegk het/,n.,notebook
hegk reg,/hegk reg/,n.,dictionary
hegkat,/ˈhegkat/,n.,hotel
hek,/hek/,n.,family (children and parents)
heke,/ˈheke/,n.,future; destiny; fate
heketa,/heˈketa/,adj.,heavy; serious; obese
hekg,/hekg/,det.,enough
hekh,/hekh/,v.,visit; attend; show up
hekheg,/ˈhekheg/,n.,button (fastener for clothing)
hekihwu,/heˈkihwu/,n.,education
hektek,/ˈhektek/,n.,rod; shaft; bar; cylinder
hep,/hep/,v.,shift
hepe,/ˈhepe/,n.,money
hepike,/heˈpike/,n.,storm; hurricane; turmoil
het,/het/,n.,note
heta,/ˈheta/,n.,fowl
hew,/hew/,n.,news
hewad,/ˈhewad/,v.,climb
hewe,/ˈhewe/,n.,reason; logic; rationale
hewga,/ˈhewga/,n.,step (one level of stairs)
hewou,/ˈhewou̯/,adj.,cheap
hewte,/ˈhewte/,v.,punish; abuse
hi,/hi/,n.,child (young human being)
hid,/hid/,n.,leg; foot
hida,/ˈhida/,adj.,alone
hig,/hig/,n.,human
higk,/higk/,n.,center; heart; core
hika,/ˈhika/,det.,few
hikh,/hikh/,n.,stomach; gut
hip,/hip/,n.,farm; pasture
hir,/hir/,adv.,forever
hirdak,/ˈhirdak/,n.,chest
hiw,/hiw/,adj.,single
hiwe,/ˈhiwe/,n.,witch
hou,/hou̯/,det.,every; each
houg,/hou̯g/,adj.,deep
hougk,/hou̯gk/,n.,top (clothing)
houke,/ˈhou̯ke/,adj.,black
houkg,/hou̯kg/,adj.,right (direction)
houku,/ˈhou̯ku/,v.,surprise; startle
hout,/hou̯t/,n.,train
hout tudekug,/hou̯t tuˈdekug/,n.,metro
houtgou,/ˈhou̯tgou̯/,n.,door
houw,/hou̯w/,v.,return; go back
houw,/hou̯w/,n.,return
houwut,/ˈhou̯wut/,n.,brick
hu,/hu/,v.,look; peer
hud,/hud/,v.,share; divide
hudi,/ˈhudi/,n.,soup; broth
hudupa,/huˈdupa/,n.,mood
hug,/hug/,adv.,yet
hugegtar,/huˈgegtar/,n.,kitten
hugk,/hugk/,adv.,soon
hugkat,/ˈhugkat/,v.,fix; mend; repair
hugrak,/ˈhugrak/,n.,frog
huhaktekh,/huˈhaktekh/,n.,puppy
huk,/huk/,v.,hint; imply; remind
huk,/huk/,n.,hint
huket,/ˈhuket/,adj.,sudden; abrupt; swift
hukgak,/ˈhukgak/,n.,stuff
hukgu,/ˈhukgu/,adj.,perfect
hukh,/hukh/,n.,message; letter (written document)
hukti,/ˈhukti/,n.,knee
huku,/ˈhuku/,adj.,able; capable; competent; ready
hup,/hup/,n.,law
hupou,/ˈhupou̯/,n.,test
hur,/hur/,v.,give; let; allow; deliver; donate; transfer
hura,/ˈhura/,n.,water; sap
hura kit,/ˈhura kit/,n.,tear
hura tat,/ˈhura tat/,n.,urine
hut,/hut/,n.,state (province; country)
hutgek,/ˈhutgek/,n.,instrument; tool; appliance; equipment; device; gadget; fixture
hutre,/ˈhutre/,n.,front; facade
huttu,/ˈhuttu/,n.,face; side; front; expression (facial); facade
i,/i/,det.,what
i,/i/,pron.,what
id,/id/,n.,theater; stage; arena
idak,/ˈidak/,v.,fuck (slang)
ide,/ˈide/,adj.,tight; tense; narrow
idwa,/ˈidwa/,adj.,poor
ig,/ig/,n.,hair (of head); hair (of body)
ig kit,/ig kit/,n.,eyelash
iga,/ˈiga/,n.,seat; chair
igek,/ˈigek/,n.,axe
igk,/igk/,adj.,late
igri,/ˈigri/,n.,debt
iguk,/ˈiguk/,n.,boat; ship; canoe; yacht
ik,/ik/,adj.,happy
ikak,/ˈikak/,n.,image
ikg,/ikg/,adv.,there
ikh,/ikh/,adj.,necessary
ikha,/ˈikha/,v.,involve; entail
ikkadat,/ikˈkadat/,n.,south
ikut,/ˈikut/,n.,university; academy
ip,/ip/,v.,need (require); need (lack)
ipag,/ˈipag/,v.,send
ir,/ir/,v.,include; incorporate
it,/it/,n.,stem; root
iuk,/ˈiuk/,n.,wealth
iw,/iw/,n.,spell (of magic)
ka,/ka/,v.,be (exist); be (permanent state)
ka,/ka/,pron.,they; them; theirs
kad,/kad/,v.,want; desire; choose
kada,/ˈkada/,v.,manage
kade,/ˈkade/,n.,bath
kadek,/ˈkadek/,prep.,over
kadi,/ˈkadi/,v.,change
kadi,/ˈkadi/,n.,change
kadra,/ˈkadra/,n.,wax
kadre,/ˈkadre/,adj.,sad
kadu,/ˈkadu/,adj.,dark
kadwa,/ˈkadwa/,n.,band (musical group)
kae,/ˈkae/,n.,sea; ocean
kaetkak,/kaˈetkak/,n.,mother
kag,/kag/,adj.,tired (needing rest)
kagad,/ˈkagad/,adv.,that
kagap,/ˈkagap/,n.,lesson
kagetad,/kaˈgetad/,adj.,subtle; elusive
kagi,/ˈkagi/,n.,store; shop; business
kagikh,/ˈkagikh/,adj.,curious
kagk,/kagk/,v.,move
kagke,/ˈkagke/,n.,phone
kagou,/ˈkagou̯/,prep.,beyond
kagrak,/ˈkagrak/,n.,partner
kagraw,/ˈkagraw/,n.,uniform
kagrer,/ˈkagrer/,prep.,around
kagri,/ˈkagri/,n.,cloak
kagrukeg,/kaˈgrukeg/,n.,dream
kagrukeg,/kaˈgrukeg/,v.,dream
kagtaw,/ˈkagtaw/,v.,sleep; nap
kagtaw,/ˈkagtaw/,n.,sleep
kahegk,/ˈkahegk/,v.,direct; conduct
kahugk,/ˈkahugk/,n.,pain
kahwa,/ˈkahwa/,adj.,rare
kahwe,/ˈkahwe/,n.,voice
kahwi,/ˈkahwi/,n.,ice
kai,/ˈkai/,v.,ring
kak,/kak/,num.,first
kaka,/ˈkaka/,v.,treat
kakad,/ˈkakad/,n.,issue; concern
kakag,/ˈkakag/,v.,laugh; chuckle
kakag,/ˈkakag/,n.,laugh
kakakh,/ˈkakakh/,adj.,violent
kakat,/ˈkakat/,n.,conquest
kake,/ˈkake/,v.,turn; twist; revolve
kakekg,/ˈkakekg/,v.,offend
kakekh,/ˈkakekh/,adv.,ever
kakewe,/kaˈkewe/,v.,drain
kakg,/kakg/,v.,hunt
kakga,/ˈkakga/,adj.,antique
kakgetreg,/kakˈgetreg/,n.,nest; den
kakgu,/ˈkakgu/,n.,height
kakguk,/ˈkakguk/,n.,angle
kakh,/kakh/,adv.,then
kakkoud,/ˈkakkou̯d/,num.,seven
kakpe,/ˈkakpe/,adj.,dangerous
kakput,/ˈkakput/,n.,shell
kakta,/ˈkakta/,n.,female
kaktaga,/kakˈtaga/,conj.,than
kaktap,/ˈkaktap/,n.,smoke
kakuk,/ˈkakuk/,v.,permit; enable
kap,/kap/,det.,many
kapa,/ˈkapa/,n.,spring (season)
kapad,/ˈkapad/,n.,transport
kapadwa,/kaˈpadwa/,n.,candy
kapette,/kaˈpette/,n.,ditch; trench
kaprag,/ˈkaprag/,v.,push; shove; press
kapre,/ˈkapre/,n.,gold
kapri,/ˈkapri/,n.,base
kaptew,/ˈkaptew/,v.,employ; recruit
kar,/kar/,dem.,that
kar,/kar/,pron.,that
karag,/ˈkarag/,n.,half
karda,/ˈkarda/,n.,servant
kardegku,/karˈdegku/,n.,campaign
kardupu,/karˈdupu/,v.,start; begin
kardupu,/karˈdupu/,n.,start; beginning
kargu,/ˈkargu/,n.,town; city; village
karrourur,/kaˈrrou̯rur/,n.,bag; suitcase; luggage; baggage; packet
karrourur tawouhakg,/kaˈrrou̯rur taˈwou̯hakg/,n.,backpack
karruk,/ˈkarruk/,n.,blade; razor
karu,/ˈkaru/,n.,class
karu akgu,/ˈkaru ˈakgu/,n.,upper class
karu rir,/ˈkaru rir/,n.,middle class
karu tigk,/ˈkaru tigk/,n.,lower class
kat,/kat/,n.,thing; matter (substance; material)
kata,/ˈkata/,n.,fear
katad,/ˈkatad/,n.,tire
katak,/ˈkatak/,n.,body
katau,/kaˈtau/,n.,butter
kate,/ˈkate/,n.,route
katgu,/ˈkatgu/,v.,display; expose
katig,/ˈkatig/,v.,jerk
katiku,/kaˈtiku/,v.,waste
katka,/ˈkatka/,n.,card
katkeg,/ˈkatkeg/,adj.,big; great (very large); huge
katre,/ˈkatre/,n.,brothel
katrir,/ˈkatrir/,n.,figure; celebrity
kattag,/ˈkattag/,n.,magic
katu,/ˈkatu/,prep.,upon
kawad,/ˈkawad/,v.,listen; hear
kawadugk,/kaˈwadugk/,n.,supervisor
kawate,/kaˈwate/,n.,sword; blade
kawaw,/ˈkawaw/,n.,column
kawe,/ˈkawe/,adv.,either
kaweg,/ˈkaweg/,n.,shore; coast
kaweg kae,/ˈkaweg ˈkae/,n.,beach
kawek,/ˈkawek/,adj.,aroused (sexually)
kawgou,/ˈkawgou̯/,n.,chief; boss
kawi,/ˈkawi/,v.,lay
kawikg,/ˈkawikg/,v.,bark
kawir,/ˈkawir/,v.,agree; compromise
kawteka,/kawˈteka/,n.,comfort
kawu,/ˈkawu/,v.,try (attempt); attempt
kawug,/ˈkawug/,n.,clock
kawuk,/ˈkawuk/,adj.,massive; enormous
kawur,/ˈkawur/,v.,become (begin to be); become (change into)
ke,/ke/,prep.,with (using)
ke,/ke/,pron.,we; us; ours
ke,/ke/,det.,his
kea,/ˈkea/,v.,kick
ked,/ked/,v.,cut; snip
ked,/ked/,n.,fat (bodily substance)
keda,/ˈkeda/,n.,dust; powder
kedake,/keˈdake/,adj.,urban
kedakh,/ˈkedakh/,n.,example; prototype
kede,/ˈkede/,v.,can
kederegk,/keˈderegk/,adj.,greedy
kedi,/ˈkedi/,adj.,former
kedreg,/ˈkedreg/,n.,capital (city)
kedu,/ˈkedu/,v.,face; fight
keg,/keg/,num.,nine
kega,/ˈkega/,n.,king
kegak,/ˈkegak/,n.,tooth
kegawap,/keˈgawap/,adj.,bright
kege,/ˈkege/,v.,increase; expand; exacerbate
kegegk,/ˈkegegk/,prep.,throughout
kegegra,/keˈgegra/,n.,cotton
kegekik,/keˈgekik/,adj.,true
kegeptud,/keˈgeptud/,adj.,bloody
kegewa,/keˈgewa/,adj.,evident
kegi,/ˈkegi/,n.,aunt
kegk,/kegk/,v.,let; allow (let); approve
kegke,/ˈkegke/,n.,fish
kegre,/ˈkegre/,n.,guy
kegru,/ˈkegru/,v.,moan; sigh
kegtoup,/ˈkegtou̯p/,v.,cross
kegud,/ˈkegud/,n.,plot
kegurrig,/keˈgurrig/,adj.,risky
kegut,/ˈkegut/,n.,plane
kehag,/ˈkehag/,pron.,none
kehatu,/keˈhatu/,n.,religion
kehep,/ˈkehep/,adj.,private
kehewe,/keˈhewe/,adj.,reasonable
kehi,/ˈkehi/,n.,beer
kehigk,/ˈkehigk/,adj.,central
kehwap,/ˈkehwap/,n.,altitude
kek,/kek/,prep.,for (a period of time or length of distance)
keka,/ˈkeka/,v.,starve
kekahugk,/keˈkahugk/,adj.,painful
kekapre,/keˈkapre/,adj.,golden
kekat,/ˈkekat/,n.,torch; lamp
kekawteka,/ˌkekawˈteka/,adj.,comfortable
keke,/ˈkeke/,n.,moon
kekek,/ˈkekek/,n.,button (pushbutton)
kekekg,/ˈkekekg/,n.,ash; coal
kekekg patga,/ˈkekekg ˈpatga/,n.,charcoal
kekektu,/keˈkektu/,adj.,beautiful
kekg,/kekg/,v.,buy; purchase; shop
kekg haki,/kekg ˈhaki/,n.,cafe
kekgedip,/kekˈgedip/,n.,alcohol
kekh,/kekh/,v.,hate
kekhid,/ˈkekhid/,n.,crystal
kekhur,/ˈkekhur/,v.,steal; rob; snatch
keki,/ˈkeki/,adj.,busy
kekigut,/keˈkigut/,n.,sense
kekike,/keˈkike/,n.,grandmother
kekikh,/ˈkekikh/,n.,afternoon
kekkap,/ˈkekkap/,n.,beverage
kekkoud,/ˈkekkou̯d/,n.,resident
kekta,/ˈkekta/,n.,page
kektad,/ˈkektad/,v.,polish
kektegk,/ˈkektegk/,adj.,skilled
kekti,/ˈkekti/,n.,party
kektu,/ˈkektu/,n.,beauty
keku,/ˈkeku/,n.,group; gang; herd; society
kekugku,/keˈkugku/,adj.,fashionable
kekuk,/ˈkekuk/,n.,tongue; language; dialect
kep,/kep/,det.,any
kepa,/ˈkepa/,n.,bottom (lowest part); buttocks
kepe,/ˈkepe/,v.,frown
kepegtapu,/ˌkepegˈtapu/,adj.,confident
kepidu,/keˈpidu/,adj.,messy
kepigk,/ˈkepigk/,n.,bow (weapon)
kepikh,/ˈkepikh/,adj.,distant
kepouwu,/keˈpou̯wu/,adj.,hungry
kepra,/ˈkepra/,n.,interview
keprak,/ˈkeprak/,v.,repeat
kepru,/ˈkepru/,n.,flavor
kepta,/ˈkepta/,adj.,red; purple
keptu,/ˈkeptu/,v.,contain; involve; entail; incorporate
kepu,/ˈkepu/,pron.,anything
ker,/ker/,num.,one
kerahwaw,/keˈrahwaw/,adj.,dirty
kere,/ˈkere/,n.,property
kereg,/ˈkereg/,v.,walk
kerek,/ˈkerek/,adj.,friendly
kerep,/ˈkerep/,n.,floor; ground; bottom (lowest part)
kerge,/ˈkerge/,n.,brush; beard; brush (for hair)
kerira,/keˈrira/,adj.,anxious
keritki,/keˈritki/,adj.,sexual
keritki gudou,/keˈritki ˈgudou̯/,n.,homosexual
keriwge,/keˈriwge/,adj.,successful
kerra,/ˈkerra/,n.,horse
kerrak,/ˈkerrak/,n.,grass; lawn
kerri,/ˈkerri/,v.,write; draw; mark
kerri kewut,/ˈkerri ˈkewut/,n.,fingerprint
kerrou,/ˈkerrou̯/,n.,park
ket,/ket/,v.,could
ket,/ket/,pron.,he; him; his; it (m.); its (m.)
ketar,/ˈketar/,n.,lip
ketat,/ˈketat/,n.,path; track
kete,/ˈkete/,n.,committee; tribunal
ketek,/ˈketek/,v.,prove
ketgagk,/ˈketgagk/,interj.,yes
ketku,/ˈketku/,pron.,one
ketra,/ˈketra/,v.,sail; cruise; navigate
ketti,/ˈketti/,n.,forefather
ketu,/ˈketu/,n.,tomb; grave
ketuk,/ˈketuk/,adj.,young
ketukatgag,/ˌketuˈkatgag/,adj.,healthy
kew,/kew/,n.,day; date; world; planet
kew ewukh,/kew ˈewukh/,n.,yesterday
kewa,/ˈkewa/,n.,map
kewagk,/ˈkewagk/,n.,century
kewak,/ˈkewak/,n.,justice
kewap,/ˈkewap/,n.,bullet
kewe,/ˈkewe/,adj.,local
kewek,/ˈkewek/,n.,wing
kewep,/ˈkewep/,n.,family (related by blood)
kewge,/ˈkewge/,n.,wizard
kewikh,/ˈkewikh/,prep.,before
kewu,/ˈkewu/,n.,ass
kewut,/ˈkewut/,n.,finger; toe; claw
ki,/ki/,adv.,not
kia,/ˈkia/,n.,fog
kid,/kid/,n.,cave
kidapep,/kiˈdapep/,n.,silence
kidat,/ˈkidat/,n.,sickness
kidaw,/ˈkidaw/,v.,value
kide,/ˈkide/,v.,bite
kide,/ˈkide/,n.,tension
kidek,/ˈkidek/,num.,billion
kidekg,/ˈkidekg/,n.,fur
kidekg ritki,/ˈkidekg ˈritki/,n.,pubic hair
kidru,/ˈkidru/,v.,smell (sense with nose)
kidwou,/ˈkidwou̯/,n.,hag (old woman)
kie,/ˈkie/,n.,bedroom
kier,/ˈkier/,n.,price; fee; tariff
kig,/kig/,v.,fall; collapse; tumble; sink; descend
kigada,/kiˈgada/,n.,length
kige,/ˈkige/,n.,thunder
kiged,/ˈkiged/,n.,shade; shadow; hue; umbrella
kigig,/ˈkigig/,adj.,popular
kigk,/kigk/,v.,gain; earn
kigkakh,/ˈkigkakh/,n.,average
kigkar,/ˈkigkar/,v.,spell
kigkaw,/ˈkigkaw/,adv.,nowadays
kigkep,/ˈkigkep/,n.,orgasm
kigkip,/ˈkigkip/,n.,hat
kigkip tahwi,/ˈkigkip ˈtahwi/,n.,helmet
kigrakatgougk,/ˌkigraˈkatgou̯gk/,n.,luck
kigrek,/ˈkigrek/,adj.,neat
kigrigk,/ˈkigrigk/,n.,fun
kigrikut,/kiˈgrikut/,n.,possibility
kigruku,/kiˈgruku/,v.,claim; allege
kigta,/ˈkigta/,adj.,frequent
kiha,/ˈkiha/,n.,poison; venom
kihaka,/kiˈhaka/,n.,anger
kihe,/ˈkihe/,n.,shape; constellation
kihukgu,/kiˈhukgu/,n.,perfection
kihuku,/kiˈhuku/,n.,ability
kik,/kik/,adv.,quite; rather
kik,/kik/,n.,happiness
kikadre,/kiˈkadre/,n.,sadness
kikadu,/kiˈkadu/,n.,darkness
kikagetad,/ˌkikaˈgetad/,n.,subtlety
kikakakh,/kiˈkakakh/,n.,violence
kikakh,/ˈkikakh/,v.,come; occur
kikakpe,/kiˈkakpe/,n.,danger
kikaku,/kiˈkaku/,adj.,certain; sure
kike,/ˈkike/,n.,opinion
kikg,/kikg/,v.,watch; spectate
kikh,/kikh/,adj.,thin (slender); slim
kiki,/ˈkiki/,v.,seek
kikka,/ˈkikka/,n.,medicine
kikou,/ˈkikou̯/,n.,corpse
kikuk,/ˈkikuk/,n.,device; apparatus
kip,/kip/,v.,ask (inquire); ask (request)
kipektu,/kiˈpektu/,adj.,close; dense; accurate
kiper,/ˈkiper/,prep.,near
kipre,/ˈkipre/,v.,defend; protect; prevent; justify
kiptit,/ˈkiptit/,n.,style; tone; kind
kiptu,/ˈkiptu/,n.,humor
kir,/kir/,adv.,almost; barely
kira,/ˈkira/,adj.,favorite
kirat,/ˈkirat/,n.,space (empty area); room (space)
kirda,/ˈkirda/,interj.,goodbye
kiregar,/kiˈregar/,n.,heat
kirgi,/ˈkirgi/,adv.,often
kirrug,/ˈkirrug/,n.,bow (decorative material)
kiru,/ˈkiru/,n.,silver
kiruk,/ˈkiruk/,v.,float; hover
kit,/kit/,n.,eye
kita,/ˈkita/,v.,suggest; imply
kite,/ˈkite/,v.,forget
kitep,/ˈkitep/,v.,twist; distort
kiti,/ˈkiti/,v.,kiss
kiuk,/ˈkiuk/,adj.,rich
kiwa,/ˈkiwa/,adj.,cold; crisp; cool (slightly cold)
kiwap,/ˈkiwap/,n.,room (space); capacity
kiweti,/kiˈweti/,v.,elect
kiwigk,/ˈkiwigk/,n.,drug; medicine
kiwoup,/ˈkiwou̯p/,n.,width
kiwuk,/ˈkiwuk/,n.,horn; penis (slang)
kou,/kou̯/,interj.,okay
koud,/kou̯d/,n.,picture
koudak,/ˈkou̯dak/,n.,evening
koug,/kou̯g/,v.,hide; protect
kouge,/ˈkou̯ge/,prep.,inside
kouge,/ˈkou̯ge/,adj.,expensive
kougk,/kou̯gk/,n.,second (time); moment
kougke,/ˈkou̯gke/,n.,court (of law); tribunal
kouk,/kou̯k/,n.,wife
kouk,/kou̯k/,n.,difference
kouka,/ˈkou̯ka/,v.,combine
koukg,/kou̯kg/,prep.,without
koukh,/kou̯kh/,n.,erection
kouki,/ˈkou̯ki/,n.,web; net
koup,/kou̯p/,v.,bring; lead; carry
koupe,/ˈkou̯pe/,n.,job; career
koupri,/ˈkou̯pri/,v.,grip
kour,/kou̯r/,v.,die
kourouw,/ˈkou̯rou̯w/,n.,shit
kout,/kou̯t/,v.,be (age)
kouttet,/ˈkou̯ttet/,n.,sheep
kouw,/kou̯w/,n.,man
kouwi,/ˈkou̯wi/,n.,station (railroad; bus)
ku,/ku/,v.,have; must; have to; own; possess
kud,/kud/,n.,parent
kuda,/ˈkuda/,v.,miss (long for)
kude,/ˈkude/,adj.,wrong
kudri,/ˈkudri/,v.,limp
kudu,/ˈkudu/,v.,date; go out
kudwi,/ˈkudwi/,n.,rake
kudwuk,/ˈkudwuk/,v.,avoid; dodge; avert; escape
kug,/kug/,v.,feel (perceive; sense); seem
kug,/kug/,n.,feeling
kuga,/ˈkuga/,n.,queen
kuge,/ˈkuge/,n.,victim
kugek,/ˈkugek/,n.,trap; bait
kugk,/kugk/,adv.,also; as well
kugkakep,/kugˈkakep/,n.,empire
kugke,/ˈkugke/,v.,cough
kugku,/ˈkugku/,n.,fashion
kugrew,/ˈkugrew/,adj.,easy
kugru,/ˈkugru/,v.,compare; contrast
kugruk,/ˈkugruk/,v.,calculate
kuhe,/ˈkuhe/,n.,cloud
kuhweg,/ˈkuhweg/,n.,ring
kuk,/kuk/,prep.,for (the purpose of)
kukg,/kukg/,v.,see; watch; discover; perceive; notice; date; go out
kukga,/ˈkukga/,v.,separate; isolate
kukgep,/ˈkukgep/,n.,blasphemy; heresy
kukh,/kukh/,n.,chance; odds
kuktu,/ˈkuktu/,n.,mouth; edge; verge; gate
kuku,/ˈkuku/,v.,mix; blend; weave
kup,/kup/,adv.,very; really
kupa,/ˈkupa/,adv.,already
kupadi,/kuˈpadi/,adv.,ago
kupakgu,/kuˈpakgu/,n.,sorrow
kupe,/ˈkupe/,v.,choose; select
kuptet,/ˈkuptet/,v.,suck; inhale
kur,/kur/,n.,father
kura,/ˈkura/,adj.,proud
kurdud,/ˈkurdud/,n.,bay; harbor; port
kurek,/ˈkurek/,n.,hospital; ward
kurgug,/ˈkurgug/,n.,clothes; clothing; garment
kurgug tat,/ˈkurgug tat/,n.,underwear
kut,/kut/,n.,fact
kuta,/ˈkuta/,adj.,similar
kuteu,/kuˈteu/,n.,growth
kutga,/ˈkutga/,n.,fork
kutka,/ˈkutka/,n.,slave
kutre,/ˈkutre/,v.,identify; point out
kutu,/ˈkutu/,v.,kill; murder; execute; destroy
kutu gukg,/ˈkutu gukg/,n.,genocide
ou,/ou̯/,n.,way; process; direction (way); procedure; course (direction of travel)
oud,/ou̯d/,adj.,specific; definite; particular
oug,/ou̯g/,n.,vein
ouge,/ˈou̯ge/,v.,cost
ouge,/ˈou̯ge/,n.,cost
ouk,/ou̯k/,adj.,different; distinct
oukg,/ou̯kg/,adv.,how
oukgupat,/ou̯kˈgupat/,n.,public
oukpak,/ˈou̯kpak/,n.,skirt
ouktidit,/ou̯kˈtidit/,v.,authorize
ouktigapta,/ˌou̯ktiˈgapta/,v.,assassinate
ouktigegk,/ou̯kˈtigegk/,v.,research
ouktigeptud,/ˌou̯ktiˈgeptud/,v.,bleed
ouktigikh,/ou̯kˈtigikh/,v.,reverse
ouktigitip,/ˌou̯ktiˈgitip/,v.,sing
ouktigrad,/ou̯kˈtigrad/,v.,rate
ouktikakat,/ˌou̯ktiˈkakat/,v.,conquer
ouktikuteu,/ou̯kˌtikuˈteu/,v.,grow
ouktipewtaw,/ˌou̯ktiˈpewtaw/,v.,record
ouktirepak,/ˌou̯ktiˈrepak/,v.,prepare
ouktiwarruk,/ˌou̯ktiˈwarruk/,v.,serve
ouktiwekh,/ou̯kˈtiwekh/,v.,weigh
ouktiwurga,/ˌou̯ktiˈwurga/,v.,accompany
oup,/ou̯p/,adj.,clean
oup,/ou̯p/,v.,clean
out,/ou̯t/,adj.,general; generic
outede,/ou̯ˈtede/,v.,save; rescue; liberate
ouw,/ou̯w/,conj.,or; either
ouwekap,/ou̯ˈwekap/,adj.,attractive
pa,/pa/,n.,condition (requirement; stipulation)
pa,/pa/,det.,her
pada,/ˈpada/,n.,energy (strength; stamina)
padou,/ˈpadou̯/,n.,key
padwa,/ˈpadwa/,v.,study
padwer,/ˈpadwer/,n.,thumb
pag,/pag/,adj.,pretty
paga,/ˈpaga/,n.,present; gift
pagk,/pagk/,n.,game; sport
pagougk,/ˈpagou̯gk/,adj.,equal; equivalent
pagredru,/paˈgredru/,n.,moss
pahwe,/ˈpahwe/,adj.,bad; evil
pak,/pak/,dem.,this
pak,/pak/,pron.,this
pak dawe,/pak ˈdawe/,adv.,tonight
pak kew,/pak kew/,adv.,today
pake,/ˈpake/,n.,attitude
pakg,/pakg/,v.,must; have to
pakh,/pakh/,prep.,according to
pakte,/ˈpakte/,n.,tin
paktug,/ˈpaktug/,v.,establish
paku,/ˈpaku/,v.,apply
pakukg,/ˈpakukg/,n.,plague
pap,/pap/,v.,continue; keep (continue); sustain
papra,/ˈpapra/,n.,advice
paptaw,/ˈpaptaw/,n.,church; chapel
par,/par/,v.,lack
parri,/ˈparri/,n.,fool
pat,/pat/,n.,kettle
patga,/ˈpatga/,n.,tree; wood; plant; shrub
patka,/ˈpatka/,v.,stretch
patkut,/ˈpatkut/,n.,hallway; corridor
paw,/paw/,v.,accept
pawukh,/ˈpawukh/,v.,grind; chew
pe,/pe/,prep.,from
peagk,/ˈpeagk/,adj.,boring
ped,/ped/,adj.,firm
pedwat,/ˈpedwat/,n.,berry
peg,/peg/,n.,oil
pege,/ˈpege/,n.,son
pege kega,/ˈpege ˈkega/,n.,prince
pegk,/pegk/,v.,learn
pegka,/ˈpegka/,v.,achieve; accomplish; work (have desired result)
pegke,/ˈpegke/,n.,country (nation)
pegri,/ˈpegri/,n.,diamond
pegtak,/ˈpegtak/,n.,age
pegtapu,/pegˈtapu/,n.,confidence
pehwerak,/peˈhwerak/,adj.,excellent; fantastic; wonderful; fabulous; terrific; superb
pek,/pek/,n.,time
pekg,/pekg/,n.,summer
pekge,/ˈpekge/,prep.,including
pekh,/pekh/,n.,kid
pekhou,/ˈpekhou̯/,n.,dress; costume; gown
peki,/ˈpeki/,adj.,exotic
pekout,/ˈpekou̯t/,n.,goat
pekpe,/ˈpekpe/,adv.,sometimes
pekpup,/ˈpekpup/,adv.,once
pekte,/ˈpekte/,v.,refer
pektep,/ˈpektep/,n.,factor; variable
pep,/pep/,v.,follow
pepar,/ˈpepar/,n.,rank (military); rank (position)
pepre,/ˈpepre/,n.,arrow (weapon); arrow (sign)
per,/per/,num.,million
perar,/ˈperar/,v.,mention
perda,/ˈperda/,adj.,fair; just
perdeg,/ˈperdeg/,n.,leaf; sheet
perra,/ˈperra/,n.,chin; beard
peru,/ˈperu/,v.,jump
pet,/pet/,v.,call (cry out)
pettu,/ˈpettu/,n.,salt
peu,/ˈpeu/,conj.,if
pew,/pew/,n.,peace
pewe,/ˈpewe/,n.,rag
peweki,/peˈweki/,n.,amount; quantity
pewtaw,/ˈpewtaw/,n.,record (written account)
pewu,/ˈpewu/,v.,respond; answer; reply
pewu,/ˈpewu/,n.,answer
pi,/pi/,n.,child (son or daughter of any age)
pid,/pid/,v.,secure
pidu,/ˈpidu/,n.,mess
pig,/pig/,n.,piece; segment; bit
pigk,/pigk/,n.,show (performance); play (stage play)
pihe,/ˈpihe/,n.,root; source
piheda,/piˈheda/,n.,bird
pik,/pik/,v.,carry; lift
pika,/ˈpika/,v.,boil
piker,/ˈpiker/,n.,cigarette; cigar
pikg,/pikg/,n.,week
pikh,/pikh/,n.,distance; span
pikou,/ˈpikou̯/,n.,fence; wall
pirda,/ˈpirda/,adv.,still
pirur,/ˈpirur/,v.,would
pitgou,/ˈpitgou̯/,v.,lend; loan; invest
piwu,/ˈpiwu/,n.,balcony; porch
pou,/pou̯/,v.,seem; appear; imply; reveal; expose
poua,/ˈpou̯a/,n.,paper; contract
poud,/pou̯d/,n.,fiction
poug,/pou̯g/,v.,masturbate
pougup,/ˈpou̯gup/,v.,shine; seem; glow; glare; radiate
pouhwi,/ˈpou̯hwi/,adj.,fragile
pouk,/pou̯k/,n.,meal
poukh,/pou̯kh/,n.,wood
poup,/pou̯p/,adv.,about
pout,/pou̯t/,v.,consider
pouwe,/ˈpou̯we/,n.,steel; iron
pouwu,/ˈpou̯wu/,n.,hunger
pu,/pu/,adv.,down
pu,/pu/,prep.,down
pud,/pud/,n.,oven
pudrek,/ˈpudrek/,adj.,social
pug,/pug/,n.,visit
pugk,/pugk/,n.,culture
pugtik,/ˈpugtik/,n.,broom
puha,/ˈpuha/,det.,several
puk,/puk/,n.,result; outcome
pukg,/pukg/,v.,arrive; reach
pukka,/ˈpukka/,n.,rifle
pukkou,/ˈpukkou̯/,n.,security
pup,/pup/,n.,canvas
pupugk,/ˈpupugk/,prep.,under; below
pur,/pur/,v.,teach; instruct; educate; coach; explain; train
purap,/ˈpurap/,n.,rail
purda,/ˈpurda/,n.,point
purdut,/ˈpurdut/,n.,bean
pure,/ˈpure/,v.,wave (salutation)
purrahwi,/puˈrrahwi/,adj.,special; unique
put,/put/,n.,flesh
pute,/ˈpute/,n.,scissors
putra,/ˈputra/,n.,machine; device
ra,/ra/,num.,three
rad,/rad/,v.,hold; grip; clutch
radag,/ˈradag/,n.,rule (law; regulation)
radwat,/ˈradwat/,n.,lizard
radwou,/ˈradwou̯/,n.,weather
rag,/rag/,n.,sky; space (beyond Earth)
rage,/ˈrage/,adj.,mean; rude
raget,/ˈraget/,n.,vision
ragk,/ragk/,n.,community
ragka,/ˈragka/,n.,fire; flame
ragrap,/ˈragrap/,n.,tie
rahwaw,/ˈrahwaw/,n.,dirt; mud; pornography
rahwe,/ˈrahwe/,n.,experiment
rai,/ˈrai/,num.,eight
raka,/ˈraka/,v.,mean (signify); express
rakak,/ˈrakak/,n.,team; couple; pair
rake,/ˈrake/,n.,history
raket,/ˈraket/,n.,pipe; valve
rakgid,/ˈrakgid/,n.,arch; arc; dome
rakgid wegrewagk,/ˈrakgid weˈgrewagk/,n.,rainbow
rakh,/rakh/,n.,person
rakid,/ˈrakid/,adv.,why
rakka,/ˈrakka/,v.,trade
rakkad,/ˈrakkad/,n.,heaven; paradise
rakkat,/ˈrakkat/,n.,spear; lance; pike
rakke,/ˈrakke/,n.,coat; jacket
rakku,/ˈrakku/,n.,noise
rakta,/ˈrakta/,n.,thread; strand
raku,/ˈraku/,prep.,above
rakupakh,/raˈkupakh/,n.,nerve
raou,/ˈraou̯/,v.,aim; intend
rap,/rap/,n.,site
rapri,/ˈrapri/,n.,boot
rapru,/ˈrapru/,adv.,yesterday
rapta,/ˈrapta/,n.,side
rar,/rar/,conj.,while
rarda,/ˈrarda/,adj.,various
rardip,/ˈrardip/,n.,ink
rat,/rat/,n.,animal
rateak,/raˈteak/,n.,military
ratrer,/ˈratrer/,n.,island
ratu,/ˈratu/,n.,puzzle; mystery
raw,/raw/,adj.,thin (narrow); narrow
rawa,/ˈrawa/,n.,flour
rawagk,/ˈrawagk/,n.,bug
rawgat,/ˈrawgat/,n.,field; arena; country (rural area); pasture
rawi,/ˈrawi/,n.,muscle
rawta,/ˈrawta/,n.,basket
rawti,/ˈrawti/,n.,snake
re,/re/,num.,two
red,/red/,n.,dagger
redet,/ˈredet/,n.,room (of house)
redoug,/ˈredou̯g/,v.,tread; step on
redruk,/ˈredruk/,n.,mud; swamp
redukh,/ˈredukh/,n.,hammer
reg,/reg/,n.,word; phrase
rega,/ˈrega/,v.,test; analyze
regar,/ˈregar/,adj.,hot; hot (attractive)
rege,/ˈrege/,v.,charge
reget,/ˈreget/,adj.,gay; homosexual
regk,/regk/,adj.,major
regkak,/ˈregkak/,n.,shark
regkit,/ˈregkit/,n.,wave (ocean); surge
regkougra,/regˈkou̯gra/,n.,bill; check
regte,/ˈregte/,adj.,vulgar
regtu,/ˈregtu/,n.,lounge; couch; sofa
rehwe,/ˈrehwe/,v.,borrow
rei,/ˈrei/,adj.,weird; strange; peculiar
rek,/rek/,n.,friend
reka,/ˈreka/,v.,affect; influence; persuade
rekg,/rekg/,v.,think; deem; believe; ponder; assume
rekh,/rekh/,n.,minute
reki,/ˈreki/,n.,neighbor
rekper,/ˈrekper/,n.,architecture
rep,/rep/,v.,live
repak,/ˈrepak/,n.,preparation
repra,/ˈrepra/,n.,ant
repta,/ˈrepta/,n.,grandfather
reptew,/ˈreptew/,v.,chew
rer,/rer/,adj.,even
reragre,/reˈragre/,adj.,good; right; appropriate; great (excellent); moral
rerdugk,/ˈrerdugk/,v.,imagine; devise
rerdur,/ˈrerdur/,v.,save (put aside)
rerekh,/ˈrerekh/,v.,win
rergu,/ˈrergu/,v.,damage; impair
rergu,/ˈrergu/,n.,damage
ret,/ret/,n.,heart
retgu,/ˈretgu/,n.,excrement; sewage
retru,/ˈretru/,v.,tear; rip
rewa,/ˈrewa/,n.,hill; slope; slant
rewak,/ˈrewak/,adj.,foreign
rewi,/ˈrewi/,n.,month
rewte,/ˈrewte/,v.,crawl
rewti,/ˈrewti/,adj.,native
rewukg,/ˈrewukg/,v.,eat
ri,/ri/,n.,fat (component in food)
rid,/rid/,n.,breast
ridakh,/ˈridakh/,n.,range; extent
rig,/rig/,adj.,next
rigk,/rigk/,v.,trick; deceive; distort; betray
rigkat,/ˈrigkat/,n.,milk
rigu,/ˈrigu/,n.,flood
rihwer,/ˈrihwer/,v.,hit; beat (strike); punch; collide
rik,/rik/,n.,science
rik rug,/rik rug/,n.,astronomy
rik tudekug,/rik tuˈdekug/,n.,geography
rik wuk,/rik wuk/,n.,psychology
rike,/ˈrike/,interj.,hello
rikg,/rikg/,conj.,although; though
rikga,/ˈrikga/,n.,dragon
rikh,/rikh/,n.,knife
rikhi,/ˈrikhi/,v.,complain; criticize
riku,/ˈriku/,n.,frame; cage; hull
rip,/rip/,adj.,weak; sick
ripu,/ˈripu/,n.,well; fountain
rir,/rir/,adj.,middle
rira,/ˈrira/,n.,anxiety
rireke,/riˈreke/,v.,edit
ririt,/ˈririt/,v.,roll; rotate; spin
rit,/rit/,prep.,onto
ritki,/ˈritki/,n.,sex
rittar,/ˈrittar/,adj.,wise
riw,/riw/,v.,find; discover; encounter
riwe,/ˈriwe/,adj.,sharp; acute
riwge,/ˈriwge/,n.,success; benefit
riwik,/ˈriwik/,n.,sin
riwu,/ˈriwu/,v.,wash; rinse
rou,/rou̯/,num.,thousand
roua,/ˈrou̯a/,n.,mistake; error
roug,/rou̯g/,v.,leak; sink
rouga,/ˈrou̯ga/,n.,hook
rouk,/rou̯k/,v.,leave (depart); depart
roukg,/rou̯kg/,adv.,too; so
roukh,/rou̯kh/,n.,sound; noise
roukpag,/ˈrou̯kpag/,n.,rhythm
rour,/rou̯r/,prep.,by (agent performing an action); by (author or creator)
ru,/ru/,adj.,other; new; spare
ru,/ru/,det.,our
rud,/rud/,n.,battle
ruda,/ˈruda/,n.,laboratory
rug,/rug/,n.,star; celebrity
ruga,/ˈruga/,n.,row
rugak,/ˈrugak/,adj.,steep
rugk,/rugk/,n.,baby
rugke,/ˈrugke/,n.,mail
rugrag,/ˈrugrag/,v.,stamp
rugteri,/rugˈteri/,adj.,silly; absurd
ruk,/ruk/,adv.,as
rukag,/ˈrukag/,n.,profit
rukg,/rukg/,n.,name; title
rukg,/rukg/,v.,name
rukh,/rukh/,adj.,ugly
rup,/rup/,n.,view; panorama
ruprugk,/ˈruprugk/,n.,triangle
rupta,/ˈrupta/,v.,focus
rur,/rur/,n.,right; entitlement; privilege
rur awge,/rur ˈawge/,n.,copyright
rurek,/ˈrurek/,adj.,soft; quiet
rurgew,/ˈrurgew/,n.,limit
rurrik,/ˈrurrik/,n.,restaurant; diner
rut,/rut/,n.,river; stream; creek
rut kahwi,/rut ˈkahwi/,n.,glacier
ruta,/ˈruta/,n.,flag
rutkap,/ˈrutkap/,n.,holiday; vacation
rutte,/ˈrutte/,n.,shoulder
ta,/ta/,conj.,that
ta,/ta/,pron.,she; her; hers; it (f.); its (f.)
tad,/tad/,v.,pick
tadat,/ˈtadat/,v.,excite; inspire
tadrak,/ˈtadrak/,n.,impulse
tag,/tag/,n.,will
tagar,/ˈtagar/,v.,close; shut
tagk,/tagk/,num.,five
tagup,/ˈtagup/,n.,bucket; tub
tagura,/taˈgura/,v.,fail
taheg,/ˈtaheg/,adj.,large; huge
tahwi,/ˈtahwi/,adj.,hard; difficult; solid
tak,/tak/,n.,year; age
taka,/ˈtaka/,n.,air; weather
takh,/takh/,n.,officer
takik,/ˈtakik/,adj.,difficult
takiwa,/taˈkiwa/,v.,debate
takkigek,/takˈkigek/,n.,fruit
takkigek urrip,/takˈkigek ˈurrip/,n.,kidney
takud,/ˈtakud/,v.,hurt; injure
tap,/tap/,n.,toilet
tapa,/ˈtapa/,v.,blow
tapak,/ˈtapak/,n.,area; region
tapu,/ˈtapu/,adj.,wet; damp
tar,/tar/,v.,fly
tarak,/ˈtarak/,n.,effect
tarap,/ˈtarap/,n.,percent
tarru,/ˈtarru/,adj.,blank
tat,/tat/,adj.,small; little; narrow
tataw,/ˈtataw/,v.,print
tataw ekh,/ˈtataw ekh/,n.,footprint
tattap,/ˈtattap/,n.,goal (objective)
taw,/taw/,adj.,fine (okay)
tawak,/ˈtawak/,adj.,significant
tawe,/ˈtawe/,n.,belly
tawer,/ˈtawer/,n.,secret
tawouhakg,/taˈwou̯hakg/,adv.,behind; back
tawte,/ˈtawte/,n.,tail; ass (slang)
te,/te/,v.,say; tell; proclaim; express; explain; notify; inform
tedwe,/ˈtedwe/,n.,hood
teg,/teg/,n.,project
tegak,/ˈtegak/,v.,exercise; practice
tegir,/ˈtegir/,adj.,simple
tekg,/tekg/,v.,vomit
tekgar,/ˈtekgar/,n.,curtain
tekh,/tekh/,v.,remember; recognize
tekhe,/ˈtekhe/,v.,sneeze
teki,/ˈteki/,n.,helmet
tekte,/ˈtekte/,v.,cover
tekugk,/ˈtekugk/,adj.,great (excellent); awesome
tekukha,/teˈkukha/,n.,shelf; rack
tep,/tep/,v.,break; crash; smash; snap; split; interrupt; shatter; collide
tepap,/ˈtepap/,adj.,cool (fashionable)
tepew,/ˈtepew/,adj.,sour
ter,/ter/,v.,might
terap,/ˈterap/,adj.,exact; precise
tergu,/ˈtergu/,n.,wound; trauma
tet,/tet/,adj.,real; authentic
tetagk,/ˈtetagk/,num.,zero
tetgupte,/tetˈgupte/,n.,seed
tetgupte tu,/tetˈgupte tu/,n.,semen
tetu,/ˈtetu/,v.,struggle; wrestle
tew,/tew/,n.,dinner
tewa,/ˈtewa/,prep.,per; for each
ti,/ti/,num.,four
tid,/tid/,n.,shame; stigma
tig,/tig/,n.,copper; bronze
tigk,/tigk/,adj.,short; low; brief
tik,/tik/,n.,media
tikg,/tikg/,v.,smell (emit odor); stink
tikgi,/ˈtikgi/,n.,rice; grain; cereal
tikh,/tikh/,n.,environment (natural world)
tiktara,/tikˈtara/,n.,chair
tip,/tip/,v.,spit; hiss
tip,/tip/,n.,saliva
tipe,/ˈtipe/,n.,vehicle
tir,/tir/,num.,ten
tirge,/ˈtirge/,v.,go; continue
tirge kipektu,/ˈtirge kiˈpektu/,v.,approach
tirouw,/ˈtirou̯w/,v.,sort
tit,/tit/,adv.,together
tiw,/tiw/,adj.,available
tiwa,/ˈtiwa/,v.,freeze
tiwe,/ˈtiwe/,v.,thank; bless
tiwge,/ˈtiwge/,n.,costume
tou,/tou̯/,v.,know (a fact); know (be acquainted with)
toug,/tou̯g/,v.,touch; feel (sense by touch)
touga,/ˈtou̯ga/,n.,source; origin; resource
tougradra,/tou̯ˈgradra/,adj.,drunk (inebriated)
toukg,/tou̯kg/,n.,music; melody; tune
toup,/tou̯p/,v.,measure
toutrug,/ˈtou̯trug/,v.,may
touwta,/ˈtou̯wta/,n.,shirt; blouse; top (clothing)
tu,/tu/,n.,life (lifetime); life (soul)
tud,/tud/,adv.,only; merely; hardly
tuda,/ˈtuda/,n.,mask; veil
tudekug,/tuˈdekug/,n.,land; earth; ground
tudet,/ˈtudet/,v.,pour
tug,/tug/,v.,meet
tugk,/tugk/,n.,case; incident
tuhwak,/ˈtuhwak/,n.,theory; thesis
tuk,/tuk/,n.,youth
tukatgag,/tuˈkatgag/,n.,health
tukewikh,/tuˈkewikh/,n.,ancestor
tukge,/ˈtukge/,adj.,certain
tukka,/ˈtukka/,n.,wire; thread
tukteg,/ˈtukteg/,n.,pig
tup,/tup/,n.,nature; essence
tupak,/ˈtupak/,v.,roast
tur,/tur/,n.,doctor
tur kegak,/tur ˈkegak/,n.,dentist
turek,/ˈturek/,n.,prison; jail
turga,/ˈturga/,n.,nail
turge,/ˈturge/,v.,explain; excuse; describe; define
turge,/ˈturge/,n.,excuse
turir,/ˈturir/,adj.,tall
tutu,/ˈtutu/,n.,beast
u,/u/,v.,cook (prepare food)
u,/u/,pron.,you; yours
ud,/ud/,v.,wear; put on
udigk,/ˈudigk/,adj.,gentle
ug,/ug/,v.,catch; capture; seize; notice
ugk,/ugk/,adj.,recent
ugriga,/uˈgriga/,adv.,therefore; thus
ugrou,/ˈugrou̯/,v.,destroy; devastate
ugte,/ˈugte/,v.,argue
uk,/uk/,adj.,last (previous); previous
uka,/ˈuka/,n.,east
ukak,/ˈukak/,v.,exist
ukeku,/uˈkeku/,n.,male
ukg,/ukg/,conj.,because
ukh,/ukh/,adj.,common; medium
ukigradut,/ˌukiˈgradut/,n.,cauldron
ukigrou,/uˈkigrou̯/,n.,mansion
ukiguhwa,/ˌukiˈguhwa/,adj.,ancient
ukihad,/uˈkihad/,n.,trunk (large box)
up,/up/,n.,scene; stage
ura,/ˈura/,n.,honor; dignity; pride
urad,/ˈurad/,n.,lie
ure,/ˈure/,n.,awe
urew,/ˈurew/,v.,doubt
urrip,/ˈurrip/,n.,waist; midriff
uru,/ˈuru/,v.,enjoy; appreciate
urugakta,/ˌuruˈgakta/,n.,relationship
urugu,/uˈrugu/,n.,product (item made)
uruhakha,/ˌuruˈhakha/,n.,building
uruheg,/uˈruheg/,n.,order
uruhewte,/ˌuruˈhewte/,n.,abuse
uruked,/uˈruked/,n.,cut
urukekh,/uˈrukekh/,n.,hate
urukerri,/ˌuruˈkerri/,n.,drawing
urukigkar,/ˌuruˈkigkar/,n.,spelling
urupid,/uˈrupid/,n.,insurance
ururep,/uˈrurep/,n.,life (living organism)
urutiwa,/ˌuruˈtiwa/,n.,frost
urutou,/uˈrutou̯/,n.,knowledge
urutug,/uˈrutug/,n.,meeting
uruwawgat,/ˌuruˈwawgat/,n.,organization
uruwekg,/uˈruwekg/,n.,opening
ut,/ut/,v.,drop
utge,/ˈutge/,n.,garden; orchard
utka,/ˈutka/,v.,provide; cater
utkek,/ˈutkek/,v.,deserve
utrat,/ˈutrat/,adj.,warm
wa,/wa/,adv.,up
wa,/wa/,prep.,up
wad,/wad/,v.,state; declare; say; express
wadug,/ˈwadug/,v.,confess
wag,/wag/,adj.,current
wagaprigk,/waˈgaprigk/,n.,course (direction of travel)
wagaru,/waˈgaru/,adj.,final
wagi,/ˈwagi/,n.,sand; shore
wagk,/wagk/,adv.,out
wagra,/ˈwagra/,n.,lock
wak,/wak/,v.,read
wake,/ˈwake/,n.,rib
wakg,/wakg/,adj.,empty; tired (needing rest)
wakh,/wakh/,n.,comb; brush (for hair)
wakhet,/ˈwakhet/,n.,corner
wakhi,/ˈwakhi/,n.,curve; curl
wakka,/ˈwakka/,v.,taste
wakour,/ˈwakou̯r/,adj.,dead
war,/war/,prep.,for (in favor of)
wardar,/ˈwardar/,n.,gender
warde,/ˈwarde/,v.,regret; lament
warruk,/ˈwarruk/,n.,service
watata,/waˈtata/,n.,soldier
watep,/ˈwatep/,adj.,broken
watgi,/ˈwatgi/,v.,sell
watgi,/ˈwatgi/,n.,sale
watgir,/ˈwatgir/,v.,respect; worship
watgir,/ˈwatgir/,n.,respect
waw,/waw/,n.,liquid
wawak,/ˈwawak/,adj.,sweet
wawe,/ˈwawe/,n.,cork
wawek,/ˈwawek/,n.,silk; thread
wawepte,/waˈwepte/,v.,warn; alert
wawgat,/ˈwawgat/,v.,organize
we,/we/,prep.,about; concerning; regarding
weak,/ˈweak/,n.,target
weda,/ˈweda/,n.,information; data
wedigk,/ˈwedigk/,n.,pocket
wedru,/ˈwedru/,n.,color; hue
wedru ketar,/ˈwedru ˈketar/,n.,lipstick
wedwi,/ˈwedwi/,n.,north
weg,/weg/,n.,worker
wegagre,/weˈgagre/,v.,complicate
wegape,/weˈgape/,v.,show; demonstrate; present
wegk,/wegk/,n.,mouse
wegrewagk,/weˈgrewagk/,n.,rain
wek,/wek/,n.,plan; strategy (plan); program
wek,/wek/,det.,their
wek,/wek/,v.,plan
weka,/ˈweka/,v.,lean; tilt; bow (greet)
wekak,/ˈwekak/,n.,series
wekg,/wekg/,v.,open
wekh,/wekh/,n.,weight
wekuk,/ˈwekuk/,n.,saddle
wep,/wep/,adj.,tough; solid; robust
wer,/wer/,n.,tax; tariff
wera,/ˈwera/,n.,potato
wergat,/ˈwergat/,n.,credit (of money)
wet,/wet/,v.,grow up; sprout
wettu,/ˈwettu/,adj.,famous
wew,/wew/,n.,patient
wewa,/ˈwewa/,n.,girlfriend
wewar,/ˈwewar/,adj.,whole; entire
wewe,/ˈwewe/,n.,brass
wewer,/ˈwewer/,v.,discuss
wewete,/weˈwete/,n.,match (game); contest
wewtugk,/ˈwewtugk/,interj.,welcome
wid,/wid/,n.,fan
wikh,/wikh/,adv.,less
wikte,/ˈwikte/,v.,defecate
wip,/wip/,v.,cook (heat food); cook (prepare food)
wir,/wir/,n.,pump
wira,/ˈwira/,n.,reward; award; prize; medal
wit,/wit/,n.,soap
wiwe,/ˈwiwe/,v.,set
wou,/wou̯/,v.,put (place); situate
woudwa,/ˈwou̯dwa/,v.,drag; pull
wouk,/wou̯k/,n.,past
woup,/wou̯p/,adj.,wide; broad
wouwa,/ˈwou̯wa/,n.,lunch
wu,/wu/,adj.,new
wud,/wud/,n.,number
wuda,/ˈwuda/,n.,tea
wudag,/ˈwudag/,n.,glove
wug,/wug/,n.,square; cube
wugk,/wugk/,conj.,since
wuk,/wuk/,n.,mind (thinking faculty); soul
wukakgou,/wuˈkakgou̯/,v.,solve; figure out; deduce
wukg,/wukg/,n.,bread
wukh,/wukh/,n.,castle
wup,/wup/,n.,pin
wupta,/ˈwupta/,adv.,actually
wur,/wur/,n.,topic; theme
wurdirou,/wurˈdirou̯/,v.,stick
wurdu,/ˈwurdu/,adj.,cute
wurga,/ˈwurga/,n.,company
wurur,/ˈwurur/,adj.,stupid; dumb; dull
wutek,/ˈwutek/,v.,swim