"filename", "language", "Python", "Markdown", "JSON with Comments", "JSON", "Batch", "pip requirements", "R Markdown", "HTML", "comment", "blank", "total"
"c:\Users\User\New folder\Game\.scalene-profiles\build_game-2026-03-24T17-55-32-216Z.json", "JSON", 0, 0, 0, 1877, 0, 0, 0, 0, 0, 1, 1878
"c:\Users\User\New folder\Game\.scalene-profiles\input_handlers-2026-03-24T03-22-02-100Z.json", "JSON", 0, 0, 0, 77026, 0, 0, 0, 0, 0, 1, 77027
"c:\Users\User\New folder\Game\.scalene-profiles\main-2026-03-24T03-10-41-006Z.json", "JSON", 0, 0, 0, 138553, 0, 0, 0, 0, 0, 1, 138554
"c:\Users\User\New folder\Game\.scalene-profiles\main-2026-03-24T03-13-35-026Z.json", "JSON", 0, 0, 0, 197722, 0, 0, 0, 0, 0, 1, 197723
"c:\Users\User\New folder\Game\.scalene-profiles\main-2026-03-24T03-30-02-503Z.json", "JSON", 0, 0, 0, 324177, 0, 0, 0, 0, 0, 1, 324178
"c:\Users\User\New folder\Game\.scalene-profiles\main-2026-03-24T03-36-05-851Z.json", "JSON", 0, 0, 0, 206006, 0, 0, 0, 0, 0, 1, 206007
"c:\Users\User\New folder\Game\INFINITE_ENEMIES.md", "Markdown", 0, 68, 0, 0, 0, 0, 0, 0, 0, 23, 91
"c:\Users\User\New folder\Game\Playground\ascii_gen.py", "Python", 230, 0, 0, 0, 0, 0, 0, 0, 19, 28, 277
"c:\Users\User\New folder\Game\Playground\glb_to_ascii.py", "Python", 291, 0, 0, 0, 0, 0, 0, 0, 67, 95, 453
"c:\Users\User\New folder\Game\Playground\tcod_ascii_integration.py", "Python", 99, 0, 0, 0, 0, 0, 0, 0, 37, 39, 175
"c:\Users\User\New folder\Game\Playground\test_glb_converter.py", "Python", 113, 0, 0, 0, 0, 0, 0, 0, 14, 31, 158
"c:\Users\User\New folder\Game\Playground\test_model_ascii.json", "JSON", 0, 0, 0, 42, 0, 0, 0, 0, 0, 0, 42
"c:\Users\User\New folder\Game\README.md", "Markdown", 0, 2, 0, 0, 0, 0, 0, 0, 0, 1, 3
"c:\Users\User\New folder\Game\SPELL_SYSTEM.md", "Markdown", 0, 39, 0, 0, 0, 0, 0, 0, 0, 10, 49
"c:\Users\User\New folder\Game\TAG_SYSTEM.md", "Markdown", 0, 190, 0, 0, 0, 0, 0, 0, 0, 62, 252
"c:\Users\User\New folder\Game\TRAIT_XP_SYSTEM.md", "Markdown", 0, 179, 0, 0, 0, 0, 0, 0, 0, 50, 229
"c:\Users\User\New folder\Game\TURN_SYSTEM.md", "Markdown", 0, 61, 0, 0, 0, 0, 0, 0, 0, 19, 80
"c:\Users\User\New folder\Game\__init__.py", "Python", 0, 0, 0, 0, 0, 0, 0, 0, 0, 1, 1
"c:\Users\User\New folder\Game\actions.py", "Python", 881, 0, 0, 0, 0, 0, 0, 0, 150, 205, 1236
"c:\Users\User\New folder\Game\animations.py", "Python", 600, 0, 0, 0, 0, 0, 0, 0, 79, 143, 822
"c:\Users\User\New folder\Game\attributions.rmd", "R Markdown", 0, 0, 0, 0, 0, 0, 1, 0, 0, 1, 2
"c:\Users\User\New folder\Game\build_game.bat", "Batch", 0, 0, 0, 0, 11, 0, 0, 0, 3, 4, 18
"c:\Users\User\New folder\Game\build_game.py", "Python", 28, 0, 0, 0, 0, 0, 0, 0, 7, 6, 41
"c:\Users\User\New folder\Game\character_sheet_ui.py", "Python", 320, 0, 0, 0, 0, 0, 0, 0, 60, 71, 451
"c:\Users\User\New folder\Game\color.py", "Python", 67, 0, 0, 0, 0, 0, 0, 0, 3, 16, 86
"c:\Users\User\New folder\Game\components\__init__.py", "Python", 0, 0, 0, 0, 0, 0, 0, 0, 0, 1, 1
"c:\Users\User\New folder\Game\components\ai.py", "Python", 413, 0, 0, 0, 0, 0, 0, 0, 89, 120, 622
"c:\Users\User\New folder\Game\components\base_component.py", "Python", 14, 0, 0, 0, 0, 0, 0, 0, 0, 7, 21
"c:\Users\User\New folder\Game\components\body_part_actions.py", "Python", 105, 0, 0, 0, 0, 0, 0, 0, 14, 21, 140
"c:\Users\User\New folder\Game\components\body_parts.py", "Python", 365, 0, 0, 0, 0, 0, 0, 0, 64, 82, 511
"c:\Users\User\New folder\Game\components\consumable.py", "Python", 201, 0, 0, 0, 0, 0, 0, 0, 10, 54, 265
"c:\Users\User\New folder\Game\components\container.py", "Python", 69, 0, 0, 0, 0, 0, 0, 0, 13, 18, 100
"c:\Users\User\New folder\Game\components\dialogue_generator.py", "Python", 127, 0, 0, 0, 0, 0, 0, 0, 11, 18, 156
"c:\Users\User\New folder\Game\components\durability.py", "Python", 57, 0, 0, 0, 0, 0, 0, 0, 20, 15, 92
"c:\Users\User\New folder\Game\components\effect.py", "Python", 131, 0, 0, 0, 0, 0, 0, 0, 6, 31, 168
"c:\Users\User\New folder\Game\components\equipment.py", "Python", 309, 0, 0, 0, 0, 0, 0, 0, 89, 95, 493
"c:\Users\User\New folder\Game\components\equippable.py", "Python", 82, 0, 0, 0, 0, 0, 0, 0, 1, 26, 109
"c:\Users\User\New folder\Game\components\fighter.py", "Python", 254, 0, 0, 0, 0, 0, 0, 0, 53, 75, 382
"c:\Users\User\New folder\Game\components\inventory.py", "Python", 92, 0, 0, 0, 0, 0, 0, 0, 27, 25, 144
"c:\Users\User\New folder\Game\components\level.py", "Python", 133, 0, 0, 0, 0, 0, 0, 0, 22, 34, 189
"c:\Users\User\New folder\Game\components\names.py", "Python", 129, 0, 0, 0, 0, 0, 0, 0, 0, 3, 132
"c:\Users\User\New folder\Game\components\spells.py", "Python", 335, 0, 0, 0, 0, 0, 0, 0, 22, 59, 416
"c:\Users\User\New folder\Game\dependencies\roman.py", "Python", 54, 0, 0, 0, 0, 0, 0, 0, 10, 9, 73
"c:\Users\User\New folder\Game\dungeon_generator_manager.py", "Python", 0, 0, 0, 0, 0, 0, 0, 0, 0, 1, 1
"c:\Users\User\New folder\Game\enchants.py", "Python", 24, 0, 0, 0, 0, 0, 0, 0, 0, 10, 34
"c:\Users\User\New folder\Game\enemy_spawning.py", "Python", 61, 0, 0, 0, 0, 0, 0, 0, 20, 23, 104
"c:\Users\User\New folder\Game\engine.py", "Python", 754, 0, 0, 0, 0, 0, 0, 0, 130, 170, 1054
"c:\Users\User\New folder\Game\entity.py", "Python", 717, 0, 0, 0, 0, 0, 0, 0, 72, 108, 897
"c:\Users\User\New folder\Game\entity_factories.py", "Python", 723, 0, 0, 0, 0, 0, 0, 0, 26, 76, 825
"c:\Users\User\New folder\Game\equipment_types.py", "Python", 13, 0, 0, 0, 0, 0, 0, 0, 1, 1, 15
"c:\Users\User\New folder\Game\equipment_ui.py", "Python", 518, 0, 0, 0, 0, 0, 0, 0, 95, 111, 724
"c:\Users\User\New folder\Game\example_character_mod.py", "Python", 0, 0, 0, 0, 0, 0, 0, 0, 0, 1, 1
"c:\Users\User\New folder\Game\example_enemy_mod.py", "Python", 72, 0, 0, 0, 0, 0, 0, 0, 53, 11, 136
"c:\Users\User\New folder\Game\exceptions.py", "Python", 2, 0, 0, 0, 0, 0, 0, 0, 5, 2, 9
"c:\Users\User\New folder\Game\fontconv.py", "Python", 12, 0, 0, 0, 0, 0, 0, 0, 2, 6, 20
"c:\Users\User\New folder\Game\game_map.py", "Python", 543, 0, 0, 0, 0, 0, 0, 0, 173, 117, 833
"c:\Users\User\New folder\Game\gametest.py", "Python", 127, 0, 0, 0, 0, 0, 0, 0, 3, 28, 158
"c:\Users\User\New folder\Game\gpu_stack.py", "Python", 1712, 0, 0, 0, 0, 0, 0, 0, 474, 286, 2472
"c:\Users\User\New folder\Game\img_compiler.py", "Python", 32, 0, 0, 0, 0, 0, 0, 0, 12, 2, 46
"c:\Users\User\New folder\Game\imgconv.py", "Python", 7, 0, 0, 0, 0, 0, 0, 0, 2, 2, 11
"c:\Users\User\New folder\Game\input_handlers.py", "Python", 4450, 0, 0, 0, 0, 0, 0, 0, 831, 1056, 6337
"c:\Users\User\New folder\Game\languages.py", "Python", 125, 0, 0, 0, 0, 0, 0, 0, 31, 19, 175
"c:\Users\User\New folder\Game\liquid_actions.py", "Python", 48, 0, 0, 0, 0, 0, 0, 0, 9, 15, 72
"c:\Users\User\New folder\Game\liquid_system.py", "Python", 357, 0, 0, 0, 0, 0, 0, 0, 76, 73, 506
"c:\Users\User\New folder\Game\loot_tables.json", "JSON", 0, 0, 0, 22, 0, 0, 0, 0, 0, 2, 24
"c:\Users\User\New folder\Game\loot_tables.py", "Python", 50, 0, 0, 0, 0, 0, 0, 0, 9, 10, 69
"c:\Users\User\New folder\Game\main.py", "Python", 902, 0, 0, 0, 0, 0, 0, 0, 180, 149, 1231
"c:\Users\User\New folder\Game\message_log.py", "Python", 54, 0, 0, 0, 0, 0, 0, 0, 8, 15, 77
"c:\Users\User\New folder\Game\procgen.py", "Python", 972, 0, 0, 0, 0, 0, 0, 0, 225, 256, 1453
"c:\Users\User\New folder\Game\procgen_advanced.py", "Python", 0, 0, 0, 0, 0, 0, 0, 0, 0, 1, 1
"c:\Users\User\New folder\Game\render_functions.py", "Python", 774, 0, 0, 0, 0, 0, 0, 0, 143, 183, 1100
"c:\Users\User\New folder\Game\render_order.py", "Python", 6, 0, 0, 0, 0, 0, 0, 0, 0, 1, 7
"c:\Users\User\New folder\Game\requirements.txt", "pip requirements", 0, 0, 0, 0, 0, 9, 0, 0, 0, 1, 10
"c:\Users\User\New folder\Game\run_game.py", "Python", 0, 0, 0, 0, 0, 0, 0, 0, 0, 1, 1
"c:\Users\User\New folder\Game\scalene-profile.html", "HTML", 0, 0, 0, 0, 0, 0, 0, 389074, 14, 32, 389120
"c:\Users\User\New folder\Game\scalene-profile.json", "JSON", 0, 0, 0, 4450, 0, 0, 0, 0, 0, 1, 4451
"c:\Users\User\New folder\Game\settings.json", "JSON with Comments", 0, 0, 10, 0, 0, 0, 0, 0, 2, 1, 13
"c:\Users\User\New folder\Game\setup_game.py", "Python", 817, 0, 0, 0, 0, 0, 0, 0, 178, 211, 1206
"c:\Users\User\New folder\Game\sounds.py", "Python", 1392, 0, 0, 0, 0, 0, 0, 0, 367, 341, 2100
"c:\Users\User\New folder\Game\sprite_manager.py", "Python", 212, 0, 0, 0, 0, 0, 0, 0, 46, 45, 303
"c:\Users\User\New folder\Game\test.py", "Python", 0, 0, 0, 0, 0, 0, 0, 0, 0, 1, 1
"c:\Users\User\New folder\Game\text_engine.py", "Python", 19, 0, 0, 0, 0, 0, 0, 0, 6, 6, 31
"c:\Users\User\New folder\Game\text_utils.py", "Python", 266, 0, 0, 0, 0, 0, 0, 0, 174, 80, 520
"c:\Users\User\New folder\Game\tile_functions.py", "Python", 61, 0, 0, 0, 0, 0, 0, 0, 32, 20, 113
"c:\Users\User\New folder\Game\tile_ids.py", "Python", 4, 0, 0, 0, 0, 0, 0, 0, 21, 6, 31
"c:\Users\User\New folder\Game\tile_types.py", "Python", 291, 0, 0, 0, 0, 0, 0, 0, 29, 63, 383
"c:\Users\User\New folder\Game\turn_manager.py", "Python", 263, 0, 0, 0, 0, 0, 0, 0, 94, 67, 424
"Total", "-", 21879, 539, 10, 949875, 11, 9, 1, 389074, 4433, 5115, 1370946